(-0.38, -0.38, -0.38)
(-0.38, -0.38, -0.38)
(-0.38, -0.38, -0.38)
(-0.38, -0.38, -0.38)
(-0.38, -0.38, -0.38)
(-0.38, -0.38, -0.37)
(-0.38, -0.38, -0.37)
(-0.38, -0.38, -0.37)
(-0.38, -0.37, -0.37)
(-0.38, -0.37, -0.37)
(-0.38, -0.37, -0.37)
(-0.38, -0.37, -0.37)
(-0.38, -0.37, -0.37)
(-0.38, -0.37, -0.37)
(-0.38, -0.37, -0.37)
(-0.37, -0.37, -0.37)
(-0.37, -0.37, -0.37)
(-0.37, -0.37, -0.37)
(-0.37, -0.37, -0.37)
(-0.37, -0.37, -0.37)
(-0.37, -0.37, -0.37)
(-0.37, -0.37, -0.37)
(-0.37, -0.37, -0.37)
(-0.37, -0.37, -0.37)
(-0.37, -0.37, -0.37)
(-0.37, -0.37, -0.37)
(-0.37, -0.37, -0.37)
(-0.37, -0.37, -0.37)
(-0.37, -0.37, -0.37)
(-0.37, -0.37, -0.37)
(-0.37, -0.37, -0.37)
(-0.37, -0.37, -0.37)
(-0.37, -0.37, -0.37)
(-0.37, -0.37, -0.37)
(-0.37, -0.37, -0.37)
(-0.37, -0.37, -0.37)
(-0.37, -0.37, -0.37)
(-0.37, -0.37, -0.36)
(-0.37, -0.37, -0.36)
(-0.37, -0.37, -0.36)
(-0.37, -0.37, -0.36)
(-0.37, -0.37, -0.36)
(-0.37, -0.37, -0.36)
(-0.37, -0.37, -0.36)
(-0.37, -0.37, -0.36)
(-0.37, -0.37, -0.36)
(-0.37, -0.37, -0.36)
(-0.37, -0.37, -0.36)
(-0.37, -0.37, -0.36)
(-0.37, -0.37, -0.36)
(-0.37, -0.37, -0.36)
(-0.37, -0.37, -0.36)
(-0.37, -0.37, -0.36)
(-0.37, -0.37, -0.36)
(-0.37, -0.37, -0.36)
(-0.37, -0.36, -0.36)
(-0.37, -0.36, -0.36)
(-0.37, -0.36, -0.36)
(-0.37, -0.36, -0.36)
(-0.37, -0.36, -0.36)
(-0.37, -0.36, -0.36)
(-0.37, -0.36, -0.36)
(-0.37, -0.36, -0.36)
(-0.37, -0.36, -0.36)
(-0.37, -0.36, -0.36)
(-0.37, -0.36, -0.36)
(-0.37, -0.36, -0.36)
(-0.37, -0.36, -0.36)
(-0.37, -0.36, -0.35)
(-0.37, -0.36, -0.35)
(-0.37, -0.36, -0.35)
(-0.37, -0.36, -0.35)
(-0.37, -0.36, -0.35)
(-0.37, -0.36, -0.35)
(-0.37, -0.36, -0.35)
(-0.37, -0.36, -0.35)
(-0.37, -0.36, -0.35)
(-0.37, -0.36, -0.35)
(-0.37, -0.36, -0.35)
(-0.37, -0.36, -0.35)
(-0.37, -0.36, -0.35)
(-0.37, -0.36, -0.35)
(-0.37, -0.36, -0.35)
(-0.37, -0.36, -0.35)
(-0.37, -0.36, -0.35)
(-0.37, -0.36, -0.35)
(-0.37, -0.36, -0.35)
(-0.37, -0.36, -0.35)
(-0.37, -0.36, -0.35)
(-0.37, -0.36, -0.35)
(-0.37, -0.36, -0.35)
(-0.37, -0.36, -0.35)
(-0.37, -0.36, -0.35)
(-0.37, -0.36, -0.35)
(-0.37, -0.36, -0.35)
(-0.37, -0.36, -0.35)
(-0.37, -0.36, -0.35)
(-0.37, -0.36, -0.35)
(-0.37, -0.36, -0.35)
(-0.37, -0.36, -0.34)
(-0.37, -0.36, -0.34)
(-0.37, -0.36, -0.34)
(-0.37, -0.35, -0.34)
(-0.37, -0.35, -0.34)
(-0.37, -0.35, -0.34)
(-0.37, -0.35, -0.34)
(-0.37, -0.35, -0.34)
(-0.37, -0.35, -0.34)
(-0.37, -0.35, -0.34)
(-0.36, -0.35, -0.34)
(-0.36, -0.35, -0.34)
(-0.36, -0.35, -0.34)
(-0.36, -0.35, -0.34)
(-0.36, -0.35, -0.34)
(-0.36, -0.35, -0.34)
(-0.36, -0.35, -0.34)
(-0.36, -0.35, -0.34)
(-0.36, -0.35, -0.34)
(-0.36, -0.35, -0.34)
(-0.36, -0.35, -0.34)
(-0.36, -0.35, -0.34)
(-0.36, -0.35, -0.34)
(-0.36, -0.35, -0.34)
(-0.36, -0.35, -0.34)
(-0.36, -0.35, -0.34)
(-0.36, -0.35, -0.34)
(-0.36, -0.35, -0.34)
(-0.36, -0.35, -0.34)
(-0.36, -0.35, -0.34)
(-0.36, -0.35, -0.34)
(-0.36, -0.35, -0.33)
(-0.36, -0.35, -0.33)
(-0.36, -0.35, -0.33)
(-0.36, -0.35, -0.33)
(-0.36, -0.35, -0.33)
(-0.36, -0.35, -0.33)
(-0.36, -0.35, -0.33)
(-0.36, -0.35, -0.33)
(-0.36, -0.35, -0.33)
(-0.36, -0.35, -0.33)
(-0.36, -0.35, -0.33)
(-0.36, -0.35, -0.33)
(-0.36, -0.35, -0.33)
(-0.36, -0.35, -0.33)
(-0.36, -0.35, -0.33)
(-0.36, -0.35, -0.33)
(-0.36, -0.35, -0.33)
(-0.36, -0.35, -0.33)
(-0.36, -0.34, -0.33)
(-0.36, -0.34, -0.33)
(-0.36, -0.34, -0.33)
(-0.36, -0.34, -0.33)
(-0.36, -0.34, -0.33)
(-0.36, -0.34, -0.33)
(-0.36, -0.34, -0.33)
(-0.36, -0.34, -0.33)
(-0.36, -0.34, -0.33)
(-0.36, -0.34, -0.33)
(-0.36, -0.34, -0.33)
(-0.36, -0.34, -0.32)
(-0.36, -0.34, -0.32)
(-0.36, -0.34, -0.32)
(-0.36, -0.34, -0.32)
(-0.36, -0.34, -0.32)
(-0.36, -0.34, -0.32)
(-0.36, -0.34, -0.32)
(-0.36, -0.34, -0.32)
(-0.36, -0.34, -0.32)
(-0.36, -0.34, -0.32)
(-0.36, -0.34, -0.32)
(-0.36, -0.34, -0.32)
(-0.36, -0.34, -0.32)
(-0.36, -0.34, -0.32)
(-0.36, -0.34, -0.32)
(-0.36, -0.34, -0.32)
(-0.36, -0.34, -0.32)
(-0.36, -0.34, -0.32)
(-0.36, -0.34, -0.32)
(-0.36, -0.34, -0.32)
(-0.36, -0.34, -0.32)
(-0.36, -0.34, -0.32)
(-0.36, -0.34, -0.32)
(-0.36, -0.34, -0.32)
(-0.36, -0.34, -0.32)
(-0.36, -0.34, -0.32)
(-0.36, -0.34, -0.32)
(-0.36, -0.34, -0.32)
(-0.36, -0.34, -0.32)
(-0.36, -0.34, -0.32)
(-0.36, -0.34, -0.31)
(-0.36, -0.34, -0.31)
(-0.36, -0.34, -0.31)
(-0.36, -0.34, -0.31)
(-0.36, -0.34, -0.31)
(-0.36, -0.33, -0.31)
(-0.36, -0.33, -0.31)
(-0.36, -0.33, -0.31)
(-0.36, -0.33, -0.31)
(-0.36, -0.33, -0.31)
(-0.36, -0.33, -0.31)
(-0.36, -0.33, -0.31)
(-0.36, -0.33, -0.31)
(-0.36, -0.33, -0.31)
(-0.36, -0.33, -0.31)
(-0.35, -0.33, -0.31)
(-0.35, -0.33, -0.31)
(-0.35, -0.33, -0.31)
(-0.35, -0.33, -0.31)
(-0.35, -0.33, -0.31)
(-0.35, -0.33, -0.31)
(-0.35, -0.33, -0.31)
(-0.35, -0.33, -0.31)
(-0.35, -0.33, -0.31)
(-0.35, -0.33, -0.31)
(-0.35, -0.33, -0.31)
(-0.35, -0.33, -0.31)
(-0.35, -0.33, -0.31)
(-0.35, -0.33, -0.30)
(-0.35, -0.33, -0.30)
(-0.35, -0.33, -0.30)
(-0.35, -0.33, -0.30)
(-0.35, -0.33, -0.30)
(-0.35, -0.33, -0.30)
(-0.35, -0.33, -0.30)
(-0.35, -0.33, -0.30)
(-0.35, -0.33, -0.30)
(-0.35, -0.33, -0.30)
(-0.35, -0.33, -0.30)
(-0.35, -0.33, -0.30)
(-0.35, -0.33, -0.30)
(-0.35, -0.33, -0.30)
(-0.35, -0.33, -0.30)
(-0.35, -0.33, -0.30)
(-0.35, -0.33, -0.30)
(-0.35, -0.33, -0.30)
(-0.35, -0.33, -0.30)
(-0.35, -0.33, -0.30)
(-0.35, -0.33, -0.30)
(-0.35, -0.33, -0.30)
(-0.35, -0.32, -0.30)
(-0.35, -0.32, -0.30)
(-0.35, -0.32, -0.30)
(-0.35, -0.32, -0.30)
(-0.35, -0.32, -0.30)
(-0.35, -0.32, -0.30)
(-0.35, -0.32, -0.29)
(-0.35, -0.32, -0.29)
(-0.35, -0.32, -0.29)
(-0.35, -0.32, -0.29)
(-0.35, -0.32, -0.29)
(-0.35, -0.32, -0.29)
(-0.35, -0.32, -0.29)
(-0.35, -0.32, -0.29)
(-0.35, -0.32, -0.29)
(-0.35, -0.32, -0.29)
(-0.35, -0.32, -0.29)
(-0.35, -0.32, -0.29)
(-0.35, -0.32, -0.29)
(-0.35, -0.32, -0.29)
(-0.35, -0.32, -0.29)
(-0.35, -0.32, -0.29)
(-0.35, -0.32, -0.29)
(-0.35, -0.32, -0.29)
(-0.35, -0.32, -0.29)
(-0.35, -0.32, -0.29)
(-0.35, -0.32, -0.29)
(-0.35, -0.32, -0.29)
(-0.35, -0.32, -0.29)
(-0.35, -0.32, -0.29)
(-0.35, -0.32, -0.29)
(-0.35, -0.32, -0.29)
(-0.35, -0.32, -0.29)
(-0.35, -0.32, -0.28)
(-0.35, -0.32, -0.28)
(-0.35, -0.32, -0.28)
(-0.35, -0.32, -0.28)
(-0.35, -0.32, -0.28)
(-0.35, -0.32, -0.28)
(-0.35, -0.32, -0.28)
(-0.35, -0.32, -0.28)
(-0.35, -0.32, -0.28)
(-0.35, -0.32, -0.28)
(-0.35, -0.32, -0.28)
(-0.35, -0.31, -0.28)
(-0.35, -0.31, -0.28)
(-0.35, -0.31, -0.28)
(-0.35, -0.31, -0.28)
(-0.35, -0.31, -0.28)
(-0.35, -0.31, -0.28)
(-0.35, -0.31, -0.28)
(-0.35, -0.31, -0.28)
(-0.35, -0.31, -0.28)
(-0.35, -0.31, -0.28)
(-0.35, -0.31, -0.28)
(-0.35, -0.31, -0.28)
(-0.35, -0.31, -0.28)
(-0.34, -0.31, -0.28)
(-0.34, -0.31, -0.28)
(-0.34, -0.31, -0.27)
(-0.34, -0.31, -0.27)
(-0.34, -0.31, -0.27)
(-0.34, -0.31, -0.27)
(-0.34, -0.31, -0.27)
(-0.34, -0.31, -0.27)
(-0.34, -0.31, -0.27)
(-0.34, -0.31, -0.27)
(-0.34, -0.31, -0.27)
(-0.34, -0.31, -0.27)
(-0.34, -0.31, -0.27)
(-0.34, -0.31, -0.27)
(-0.34, -0.31, -0.27)
(-0.34, -0.31, -0.27)
(-0.34, -0.31, -0.27)
(-0.34, -0.31, -0.27)
(-0.34, -0.31, -0.27)
(-0.34, -0.31, -0.27)
(-0.34, -0.31, -0.27)
(-0.34, -0.31, -0.27)
(-0.34, -0.31, -0.27)
(-0.34, -0.31, -0.27)
(-0.34, -0.31, -0.27)
(-0.34, -0.31, -0.27)
(-0.34, -0.31, -0.27)
(-0.34, -0.31, -0.27)
(-0.34, -0.31, -0.26)
(-0.34, -0.30, -0.26)
(-0.34, -0.30, -0.26)
(-0.34, -0.30, -0.26)
(-0.34, -0.30, -0.26)
(-0.34, -0.30, -0.26)
(-0.34, -0.30, -0.26)
(-0.34, -0.30, -0.26)
(-0.34, -0.30, -0.26)
(-0.34, -0.30, -0.26)
(-0.34, -0.30, -0.26)
(-0.34, -0.30, -0.26)
(-0.34, -0.30, -0.26)
(-0.34, -0.30, -0.26)
(-0.34, -0.30, -0.26)
(-0.34, -0.30, -0.26)
(-0.34, -0.30, -0.26)
(-0.34, -0.30, -0.26)
(-0.34, -0.30, -0.26)
(-0.34, -0.30, -0.26)
(-0.34, -0.30, -0.26)
(-0.34, -0.30, -0.26)
(-0.34, -0.30, -0.26)
(-0.34, -0.30, -0.26)
(-0.34, -0.30, -0.26)
(-0.34, -0.30, -0.25)
(-0.34, -0.30, -0.25)
(-0.34, -0.30, -0.25)
(-0.34, -0.30, -0.25)
(-0.34, -0.30, -0.25)
(-0.34, -0.30, -0.25)
(-0.34, -0.30, -0.25)
(-0.34, -0.30, -0.25)
(-0.34, -0.30, -0.25)
(-0.34, -0.30, -0.25)
(-0.34, -0.30, -0.25)
(-0.34, -0.30, -0.25)
(-0.34, -0.30, -0.25)
(-0.34, -0.30, -0.25)
(-0.34, -0.30, -0.25)
(-0.34, -0.30, -0.25)
(-0.34, -0.30, -0.25)
(-0.34, -0.30, -0.25)
(-0.34, -0.29, -0.25)
(-0.34, -0.29, -0.25)
(-0.34, -0.29, -0.25)
(-0.34, -0.29, -0.25)
(-0.34, -0.29, -0.25)
(-0.34, -0.29, -0.25)
(-0.34, -0.29, -0.25)
(-0.34, -0.29, -0.24)
(-0.34, -0.29, -0.24)
(-0.34, -0.29, -0.24)
(-0.34, -0.29, -0.24)
(-0.34, -0.29, -0.24)
(-0.34, -0.29, -0.24)
(-0.34, -0.29, -0.24)
(-0.34, -0.29, -0.24)
(-0.34, -0.29, -0.24)
(-0.34, -0.29, -0.24)
(-0.34, -0.29, -0.24)
(-0.34, -0.29, -0.24)
(-0.34, -0.29, -0.24)
(-0.34, -0.29, -0.24)
(-0.33, -0.29, -0.24)
(-0.33, -0.29, -0.24)
(-0.33, -0.29, -0.24)
(-0.33, -0.29, -0.24)
(-0.33, -0.29, -0.24)
(-0.33, -0.29, -0.24)
(-0.33, -0.29, -0.24)
(-0.33, -0.29, -0.24)
(-0.33, -0.29, -0.24)
(-0.33, -0.29, -0.24)
(-0.33, -0.29, -0.23)
(-0.33, -0.29, -0.23)
(-0.33, -0.29, -0.23)
(-0.33, -0.29, -0.23)
(-0.33, -0.29, -0.23)
(-0.33, -0.29, -0.23)
(-0.33, -0.29, -0.23)
(-0.33, -0.29, -0.23)
(-0.33, -0.29, -0.23)
(-0.33, -0.29, -0.23)
(-0.33, -0.28, -0.23)
(-0.33, -0.28, -0.23)
(-0.33, -0.28, -0.23)
(-0.33, -0.28, -0.23)
(-0.33, -0.28, -0.23)
(-0.33, -0.28, -0.23)
(-0.33, -0.28, -0.23)
(-0.33, -0.28, -0.23)
(-0.33, -0.28, -0.23)
(-0.33, -0.28, -0.23)
(-0.33, -0.28, -0.23)
(-0.33, -0.28, -0.23)
(-0.33, -0.28, -0.23)
(-0.33, -0.28, -0.23)
(-0.33, -0.28, -0.22)
(-0.33, -0.28, -0.22)
(-0.33, -0.28, -0.22)
(-0.33, -0.28, -0.22)
(-0.33, -0.28, -0.22)
(-0.33, -0.28, -0.22)
(-0.33, -0.28, -0.22)
(-0.33, -0.28, -0.22)
(-0.33, -0.28, -0.22)
(-0.33, -0.28, -0.22)
(-0.33, -0.28, -0.22)
(-0.33, -0.28, -0.22)
(-0.33, -0.28, -0.22)
(-0.33, -0.28, -0.22)
(-0.33, -0.28, -0.22)
(-0.33, -0.28, -0.22)
(-0.33, -0.28, -0.22)
(-0.33, -0.28, -0.22)
(-0.33, -0.28, -0.22)
(-0.33, -0.28, -0.22)
(-0.33, -0.28, -0.22)
(-0.33, -0.28, -0.22)
(-0.33, -0.28, -0.22)
(-0.33, -0.28, -0.21)
(-0.33, -0.28, -0.21)
(-0.33, -0.27, -0.21)
(-0.33, -0.27, -0.21)
(-0.33, -0.27, -0.21)
(-0.33, -0.27, -0.21)
(-0.33, -0.27, -0.21)
(-0.33, -0.27, -0.21)
(-0.33, -0.27, -0.21)
(-0.33, -0.27, -0.21)
(-0.33, -0.27, -0.21)
(-0.33, -0.27, -0.21)
(-0.33, -0.27, -0.21)
(-0.33, -0.27, -0.21)
(-0.33, -0.27, -0.21)
(-0.33, -0.27, -0.21)
(-0.33, -0.27, -0.21)
(-0.33, -0.27, -0.21)
(-0.33, -0.27, -0.21)
(-0.33, -0.27, -0.21)
(-0.33, -0.27, -0.21)
(-0.33, -0.27, -0.21)
(-0.33, -0.27, -0.21)
(-0.33, -0.27, -0.20)
(-0.33, -0.27, -0.20)
(-0.33, -0.27, -0.20)
(-0.33, -0.27, -0.20)
(-0.33, -0.27, -0.20)
(-0.33, -0.27, -0.20)
(-0.33, -0.27, -0.20)
(-0.33, -0.27, -0.20)
(-0.33, -0.27, -0.20)
(-0.32, -0.27, -0.20)
(-0.32, -0.27, -0.20)
(-0.32, -0.27, -0.20)
(-0.32, -0.27, -0.20)
(-0.32, -0.27, -0.20)
(-0.32, -0.27, -0.20)
(-0.32, -0.27, -0.20)
(-0.32, -0.27, -0.20)
(-0.32, -0.27, -0.20)
(-0.32, -0.26, -0.20)
(-0.32, -0.26, -0.20)
(-0.32, -0.26, -0.20)
(-0.32, -0.26, -0.20)
(-0.32, -0.26, -0.19)
(-0.32, -0.26, -0.19)
(-0.32, -0.26, -0.19)
(-0.32, -0.26, -0.19)
(-0.32, -0.26, -0.19)
(-0.32, -0.26, -0.19)
(-0.32, -0.26, -0.19)
(-0.32, -0.26, -0.19)
(-0.32, -0.26, -0.19)
(-0.32, -0.26, -0.19)
(-0.32, -0.26, -0.19)
(-0.32, -0.26, -0.19)
(-0.32, -0.26, -0.19)
(-0.32, -0.26, -0.19)
(-0.32, -0.26, -0.19)
(-0.32, -0.26, -0.19)
(-0.32, -0.26, -0.19)
(-0.32, -0.26, -0.19)
(-0.32, -0.26, -0.19)
(-0.32, -0.26, -0.19)
(-0.32, -0.26, -0.19)
(-0.32, -0.26, -0.19)
(-0.32, -0.26, -0.18)
(-0.32, -0.26, -0.18)
(-0.32, -0.26, -0.18)
(-0.32, -0.26, -0.18)
(-0.32, -0.26, -0.18)
(-0.32, -0.26, -0.18)
(-0.32, -0.26, -0.18)
(-0.32, -0.26, -0.18)
(-0.32, -0.26, -0.18)
(-0.32, -0.26, -0.18)
(-0.32, -0.26, -0.18)
(-0.32, -0.26, -0.18)
(-0.32, -0.25, -0.18)
(-0.32, -0.25, -0.18)
(-0.32, -0.25, -0.18)
(-0.32, -0.25, -0.18)
(-0.32, -0.25, -0.18)
(-0.32, -0.25, -0.18)
(-0.32, -0.25, -0.18)
(-0.32, -0.25, -0.18)
(-0.32, -0.25, -0.18)
(-0.32, -0.25, -0.18)
(-0.32, -0.25, -0.17)
(-0.32, -0.25, -0.17)
(-0.32, -0.25, -0.17)
(-0.32, -0.25, -0.17)
(-0.32, -0.25, -0.17)
(-0.32, -0.25, -0.17)
(-0.32, -0.25, -0.17)
(-0.32, -0.25, -0.17)
(-0.32, -0.25, -0.17)
(-0.32, -0.25, -0.17)
(-0.32, -0.25, -0.17)
(-0.32, -0.25, -0.17)
(-0.32, -0.25, -0.17)
(-0.32, -0.25, -0.17)
(-0.32, -0.25, -0.17)
(-0.32, -0.25, -0.17)
(-0.32, -0.25, -0.17)
(-0.32, -0.25, -0.17)
(-0.32, -0.25, -0.17)
(-0.32, -0.25, -0.17)
(-0.32, -0.25, -0.17)
(-0.32, -0.25, -0.16)
(-0.32, -0.25, -0.16)
(-0.32, -0.25, -0.16)
(-0.32, -0.25, -0.16)
(-0.32, -0.25, -0.16)
(-0.32, -0.25, -0.16)
(-0.32, -0.24, -0.16)
(-0.32, -0.24, -0.16)
(-0.32, -0.24, -0.16)
(-0.32, -0.24, -0.16)
(-0.31, -0.24, -0.16)
(-0.31, -0.24, -0.16)
(-0.31, -0.24, -0.16)
(-0.31, -0.24, -0.16)
(-0.31, -0.24, -0.16)
(-0.31, -0.24, -0.16)
(-0.31, -0.24, -0.16)
(-0.31, -0.24, -0.16)
(-0.31, -0.24, -0.16)
(-0.31, -0.24, -0.16)
(-0.31, -0.24, -0.16)
(-0.31, -0.24, -0.16)
(-0.31, -0.24, -0.15)
(-0.31, -0.24, -0.15)
(-0.31, -0.24, -0.15)
(-0.31, -0.24, -0.15)
(-0.31, -0.24, -0.15)
(-0.31, -0.24, -0.15)
(-0.31, -0.24, -0.15)
(-0.31, -0.24, -0.15)
(-0.31, -0.24, -0.15)
(-0.31, -0.24, -0.15)
(-0.31, -0.24, -0.15)
(-0.31, -0.24, -0.15)
(-0.31, -0.24, -0.15)
(-0.31, -0.24, -0.15)
(-0.31, -0.24, -0.15)
(-0.31, -0.24, -0.15)
(-0.31, -0.24, -0.15)
(-0.31, -0.24, -0.15)
(-0.31, -0.24, -0.15)
(-0.31, -0.24, -0.15)
(-0.31, -0.23, -0.15)
(-0.31, -0.23, -0.14)
(-0.31, -0.23, -0.14)
(-0.31, -0.23, -0.14)
(-0.31, -0.23, -0.14)
(-0.31, -0.23, -0.14)
(-0.31, -0.23, -0.14)
(-0.31, -0.23, -0.14)
(-0.31, -0.23, -0.14)
(-0.31, -0.23, -0.14)
(-0.31, -0.23, -0.14)
(-0.31, -0.23, -0.14)
(-0.31, -0.23, -0.14)
(-0.31, -0.23, -0.14)
(-0.31, -0.23, -0.14)
(-0.31, -0.23, -0.14)
(-0.31, -0.23, -0.14)
(-0.31, -0.23, -0.14)
(-0.31, -0.23, -0.14)
(-0.31, -0.23, -0.14)
(-0.31, -0.23, -0.14)
(-0.31, -0.23, -0.13)
(-0.31, -0.23, -0.13)
(-0.31, -0.23, -0.13)
(-0.31, -0.23, -0.13)
(-0.31, -0.23, -0.13)
(-0.31, -0.23, -0.13)
(-0.31, -0.23, -0.13)
(-0.31, -0.23, -0.13)
(-0.31, -0.23, -0.13)
(-0.31, -0.23, -0.13)
(-0.31, -0.23, -0.13)
(-0.31, -0.23, -0.13)
(-0.31, -0.23, -0.13)
(-0.31, -0.23, -0.13)
(-0.31, -0.22, -0.13)
(-0.31, -0.22, -0.13)
(-0.31, -0.22, -0.13)
(-0.31, -0.22, -0.13)
(-0.31, -0.22, -0.13)
(-0.31, -0.22, -0.13)
(-0.31, -0.22, -0.13)
(-0.31, -0.22, -0.12)
(-0.31, -0.22, -0.12)
(-0.31, -0.22, -0.12)
(-0.31, -0.22, -0.12)
(-0.31, -0.22, -0.12)
(-0.31, -0.22, -0.12)
(-0.31, -0.22, -0.12)
(-0.31, -0.22, -0.12)
(-0.31, -0.22, -0.12)
(-0.31, -0.22, -0.12)
(-0.31, -0.22, -0.12)
(-0.30, -0.22, -0.12)
(-0.30, -0.22, -0.12)
(-0.30, -0.22, -0.12)
(-0.30, -0.22, -0.12)
(-0.30, -0.22, -0.12)
(-0.30, -0.22, -0.12)
(-0.30, -0.22, -0.12)
(-0.30, -0.22, -0.12)
(-0.30, -0.22, -0.12)
(-0.30, -0.22, -0.11)
(-0.30, -0.22, -0.11)
(-0.30, -0.22, -0.11)
(-0.30, -0.22, -0.11)
(-0.30, -0.22, -0.11)
(-0.30, -0.22, -0.11)
(-0.30, -0.22, -0.11)
(-0.30, -0.22, -0.11)
(-0.30, -0.21, -0.11)
(-0.30, -0.21, -0.11)
(-0.30, -0.21, -0.11)
(-0.30, -0.21, -0.11)
(-0.30, -0.21, -0.11)
(-0.30, -0.21, -0.11)
(-0.30, -0.21, -0.11)
(-0.30, -0.21, -0.11)
(-0.30, -0.21, -0.11)
(-0.30, -0.21, -0.11)
(-0.30, -0.21, -0.11)
(-0.30, -0.21, -0.11)
(-0.30, -0.21, -0.10)
(-0.30, -0.21, -0.10)
(-0.30, -0.21, -0.10)
(-0.30, -0.21, -0.10)
(-0.30, -0.21, -0.10)
(-0.30, -0.21, -0.10)
(-0.30, -0.21, -0.10)
(-0.30, -0.21, -0.10)
(-0.30, -0.21, -0.10)
(-0.30, -0.21, -0.10)
(-0.30, -0.21, -0.10)
(-0.30, -0.21, -0.10)
(-0.30, -0.21, -0.10)
(-0.30, -0.21, -0.10)
(-0.30, -0.21, -0.10)
(-0.30, -0.21, -0.10)
(-0.30, -0.21, -0.10)
(-0.30, -0.21, -0.10)
(-0.30, -0.21, -0.10)
(-0.30, -0.21, -0.10)
(-0.30, -0.21, -0.09)
(-0.30, -0.21, -0.09)
(-0.30, -0.20, -0.09)
(-0.30, -0.20, -0.09)
(-0.30, -0.20, -0.09)
(-0.30, -0.20, -0.09)
(-0.30, -0.20, -0.09)
(-0.30, -0.20, -0.09)
(-0.30, -0.20, -0.09)
(-0.30, -0.20, -0.09)
(-0.30, -0.20, -0.09)
(-0.30, -0.20, -0.09)
(-0.30, -0.20, -0.09)
(-0.30, -0.20, -0.09)
(-0.30, -0.20, -0.09)
(-0.30, -0.20, -0.09)
(-0.30, -0.20, -0.09)
(-0.30, -0.20, -0.09)
(-0.30, -0.20, -0.09)
(-0.30, -0.20, -0.09)
(-0.30, -0.20, -0.08)
(-0.30, -0.20, -0.08)
(-0.30, -0.20, -0.08)
(-0.30, -0.20, -0.08)
(-0.30, -0.20, -0.08)
(-0.30, -0.20, -0.08)
(-0.30, -0.20, -0.08)
(-0.30, -0.20, -0.08)
(-0.30, -0.20, -0.08)
(-0.30, -0.20, -0.08)
(-0.30, -0.20, -0.08)
(-0.30, -0.20, -0.08)
(-0.30, -0.20, -0.08)
(-0.30, -0.20, -0.08)
(-0.29, -0.20, -0.08)
(-0.29, -0.20, -0.08)
(-0.29, -0.19, -0.08)
(-0.29, -0.19, -0.08)
(-0.29, -0.19, -0.08)
(-0.29, -0.19, -0.08)
(-0.29, -0.19, -0.07)
(-0.29, -0.19, -0.07)
(-0.29, -0.19, -0.07)
(-0.29, -0.19, -0.07)
(-0.29, -0.19, -0.07)
(-0.29, -0.19, -0.07)
(-0.29, -0.19, -0.07)
(-0.29, -0.19, -0.07)
(-0.29, -0.19, -0.07)
(-0.29, -0.19, -0.07)
(-0.29, -0.19, -0.07)
(-0.29, -0.19, -0.07)
(-0.29, -0.19, -0.07)
(-0.29, -0.19, -0.07)
(-0.29, -0.19, -0.07)
(-0.29, -0.19, -0.07)
(-0.29, -0.19, -0.07)
(-0.29, -0.19, -0.07)
(-0.29, -0.19, -0.07)
(-0.29, -0.19, -0.07)
(-0.29, -0.19, -0.06)
(-0.29, -0.19, -0.06)
(-0.29, -0.19, -0.06)
(-0.29, -0.19, -0.06)
(-0.29, -0.19, -0.06)
(-0.29, -0.19, -0.06)
(-0.29, -0.19, -0.06)
(-0.29, -0.19, -0.06)
(-0.29, -0.19, -0.06)
(-0.29, -0.18, -0.06)
(-0.29, -0.18, -0.06)
(-0.29, -0.18, -0.06)
(-0.29, -0.18, -0.06)
(-0.29, -0.18, -0.06)
(-0.29, -0.18, -0.06)
(-0.29, -0.18, -0.06)
(-0.29, -0.18, -0.06)
(-0.29, -0.18, -0.06)
(-0.29, -0.18, -0.06)
(-0.29, -0.18, -0.06)
(-0.29, -0.18, -0.05)
(-0.29, -0.18, -0.05)
(-0.29, -0.18, -0.05)
(-0.29, -0.18, -0.05)
(-0.29, -0.18, -0.05)
(-0.29, -0.18, -0.05)
(-0.29, -0.18, -0.05)
(-0.29, -0.18, -0.05)
(-0.29, -0.18, -0.05)
(-0.29, -0.18, -0.05)
(-0.29, -0.18, -0.05)
(-0.29, -0.18, -0.05)
(-0.29, -0.18, -0.05)
(-0.29, -0.18, -0.05)
(-0.29, -0.18, -0.05)
(-0.29, -0.18, -0.05)
(-0.29, -0.18, -0.05)
(-0.29, -0.18, -0.05)
(-0.29, -0.18, -0.05)
(-0.29, -0.18, -0.04)
(-0.29, -0.18, -0.04)
(-0.29, -0.18, -0.04)
(-0.29, -0.17, -0.04)
(-0.29, -0.17, -0.04)
(-0.29, -0.17, -0.04)
(-0.29, -0.17, -0.04)
(-0.29, -0.17, -0.04)
(-0.29, -0.17, -0.04)
(-0.29, -0.17, -0.04)
(-0.29, -0.17, -0.04)
(-0.29, -0.17, -0.04)
(-0.29, -0.17, -0.04)
(-0.29, -0.17, -0.04)
(-0.29, -0.17, -0.04)
(-0.29, -0.17, -0.04)
(-0.29, -0.17, -0.04)
(-0.28, -0.17, -0.04)
(-0.28, -0.17, -0.04)
(-0.28, -0.17, -0.04)
(-0.28, -0.17, -0.03)
(-0.28, -0.17, -0.03)
(-0.28, -0.17, -0.03)
(-0.28, -0.17, -0.03)
(-0.28, -0.17, -0.03)
(-0.28, -0.17, -0.03)
(-0.28, -0.17, -0.03)
(-0.28, -0.17, -0.03)
(-0.28, -0.17, -0.03)
(-0.28, -0.17, -0.03)
(-0.28, -0.17, -0.03)
(-0.28, -0.17, -0.03)
(-0.28, -0.17, -0.03)
(-0.28, -0.17, -0.03)
(-0.28, -0.17, -0.03)
(-0.28, -0.16, -0.03)
(-0.28, -0.16, -0.03)
(-0.28, -0.16, -0.03)
(-0.28, -0.16, -0.03)
(-0.28, -0.16, -0.03)
(-0.28, -0.16, -0.02)
(-0.28, -0.16, -0.02)
(-0.28, -0.16, -0.02)
(-0.28, -0.16, -0.02)
(-0.28, -0.16, -0.02)
(-0.28, -0.16, -0.02)
(-0.28, -0.16, -0.02)
(-0.28, -0.16, -0.02)
(-0.28, -0.16, -0.02)
(-0.28, -0.16, -0.02)
(-0.28, -0.16, -0.02)
(-0.28, -0.16, -0.02)
(-0.28, -0.16, -0.02)
(-0.28, -0.16, -0.02)
(-0.28, -0.16, -0.02)
(-0.28, -0.16, -0.02)
(-0.28, -0.16, -0.02)
(-0.28, -0.16, -0.02)
(-0.28, -0.16, -0.02)
(-0.28, -0.16, -0.01)
(-0.28, -0.16, -0.01)
(-0.28, -0.16, -0.01)
(-0.28, -0.16, -0.01)
(-0.28, -0.16, -0.01)
(-0.28, -0.16, -0.01)
(-0.28, -0.16, -0.01)
(-0.28, -0.16, -0.01)
(-0.28, -0.15, -0.01)
(-0.28, -0.15, -0.01)
(-0.28, -0.15, -0.01)
(-0.28, -0.15, -0.01)
(-0.28, -0.15, -0.01)
(-0.28, -0.15, -0.01)
(-0.28, -0.15, -0.01)
(-0.28, -0.15, -0.01)
(-0.28, -0.15, -0.01)
(-0.28, -0.15, -0.01)
(-0.28, -0.15, -0.01)
(-0.28, -0.15, -0.01)
(-0.28, -0.15, 0.00)
(-0.28, -0.15, 0.00)
(-0.28, -0.15, 0.00)
(-0.28, -0.15, 0.00)
(-0.28, -0.15, 0.00)
(-0.28, -0.15, 0.00)
(-0.28, -0.15, 0.00)
(-0.28, -0.15, 0.00)
(-0.28, -0.15, 0.00)
(-0.28, -0.15, 0.00)
(-0.28, -0.15, 0.00)
(-0.28, -0.15, 0.00)
(-0.28, -0.15, 0.00)
(-0.28, -0.15, 0.00)
(-0.28, -0.15, 0.00)
(-0.28, -0.15, 0.00)
(-0.28, -0.15, 0.00)
(-0.27, -0.15, 0.00)
(-0.27, -0.15, 0.00)
(-0.27, -0.14, 0.01)
(-0.27, -0.14, 0.01)
(-0.27, -0.14, 0.01)
(-0.27, -0.14, 0.01)
(-0.27, -0.14, 0.01)
(-0.27, -0.14, 0.01)
(-0.27, -0.14, 0.01)
(-0.27, -0.14, 0.01)
(-0.27, -0.14, 0.01)
(-0.27, -0.14, 0.01)
(-0.27, -0.14, 0.01)
(-0.27, -0.14, 0.01)
(-0.27, -0.14, 0.01)
(-0.27, -0.14, 0.01)
(-0.27, -0.14, 0.01)
(-0.27, -0.14, 0.01)
(-0.27, -0.14, 0.01)
(-0.27, -0.14, 0.01)
(-0.27, -0.14, 0.01)
(-0.27, -0.14, 0.01)
(-0.27, -0.14, 0.02)
(-0.27, -0.14, 0.02)
(-0.27, -0.14, 0.02)
(-0.27, -0.14, 0.02)
(-0.27, -0.14, 0.02)
(-0.27, -0.14, 0.02)
(-0.27, -0.14, 0.02)
(-0.27, -0.14, 0.02)
(-0.27, -0.14, 0.02)
(-0.27, -0.14, 0.02)
(-0.27, -0.14, 0.02)
(-0.27, -0.13, 0.02)
(-0.27, -0.13, 0.02)
(-0.27, -0.13, 0.02)
(-0.27, -0.13, 0.02)
(-0.27, -0.13, 0.02)
(-0.27, -0.13, 0.02)
(-0.27, -0.13, 0.02)
(-0.27, -0.13, 0.02)
(-0.27, -0.13, 0.02)
(-0.27, -0.13, 0.03)
(-0.27, -0.13, 0.03)
(-0.27, -0.13, 0.03)
(-0.27, -0.13, 0.03)
(-0.27, -0.13, 0.03)
(-0.27, -0.13, 0.03)
(-0.27, -0.13, 0.03)
(-0.27, -0.13, 0.03)
(-0.27, -0.13, 0.03)
(-0.27, -0.13, 0.03)
(-0.27, -0.13, 0.03)
(-0.27, -0.13, 0.03)
(-0.27, -0.13, 0.03)
(-0.27, -0.13, 0.03)
(-0.27, -0.13, 0.03)
(-0.27, -0.13, 0.03)
(-0.27, -0.13, 0.03)
(-0.27, -0.13, 0.03)
(-0.27, -0.13, 0.03)
(-0.27, -0.13, 0.03)
(-0.27, -0.13, 0.04)
(-0.27, -0.13, 0.04)
(-0.27, -0.12, 0.04)
(-0.27, -0.12, 0.04)
(-0.27, -0.12, 0.04)
(-0.27, -0.12, 0.04)
(-0.27, -0.12, 0.04)
(-0.27, -0.12, 0.04)
(-0.27, -0.12, 0.04)
(-0.27, -0.12, 0.04)
(-0.27, -0.12, 0.04)
(-0.27, -0.12, 0.04)
(-0.27, -0.12, 0.04)
(-0.27, -0.12, 0.04)
(-0.27, -0.12, 0.04)
(-0.26, -0.12, 0.04)
(-0.26, -0.12, 0.04)
(-0.26, -0.12, 0.04)
(-0.26, -0.12, 0.04)
(-0.26, -0.12, 0.04)
(-0.26, -0.12, 0.05)
(-0.26, -0.12, 0.05)
(-0.26, -0.12, 0.05)
(-0.26, -0.12, 0.05)
(-0.26, -0.12, 0.05)
(-0.26, -0.12, 0.05)
(-0.26, -0.12, 0.05)
(-0.26, -0.12, 0.05)
(-0.26, -0.12, 0.05)
(-0.26, -0.12, 0.05)
(-0.26, -0.12, 0.05)
(-0.26, -0.12, 0.05)
(-0.26, -0.12, 0.05)
(-0.26, -0.11, 0.05)
(-0.26, -0.11, 0.05)
(-0.26, -0.11, 0.05)
(-0.26, -0.11, 0.05)
(-0.26, -0.11, 0.05)
(-0.26, -0.11, 0.05)
(-0.26, -0.11, 0.05)
(-0.26, -0.11, 0.06)
(-0.26, -0.11, 0.06)
(-0.26, -0.11, 0.06)
(-0.26, -0.11, 0.06)
(-0.26, -0.11, 0.06)
(-0.26, -0.11, 0.06)
(-0.26, -0.11, 0.06)
(-0.26, -0.11, 0.06)
(-0.26, -0.11, 0.06)
(-0.26, -0.11, 0.06)
(-0.26, -0.11, 0.06)
(-0.26, -0.11, 0.06)
(-0.26, -0.11, 0.06)
(-0.26, -0.11, 0.06)
(-0.26, -0.11, 0.06)
(-0.26, -0.11, 0.06)
(-0.26, -0.11, 0.06)
(-0.26, -0.11, 0.06)
(-0.26, -0.11, 0.06)
(-0.26, -0.11, 0.06)
(-0.26, -0.11, 0.06)
(-0.26, -0.11, 0.07)
(-0.26, -0.11, 0.07)
(-0.26, -0.10, 0.07)
(-0.26, -0.10, 0.07)
(-0.26, -0.10, 0.07)
(-0.26, -0.10, 0.07)
(-0.26, -0.10, 0.07)
(-0.26, -0.10, 0.07)
(-0.26, -0.10, 0.07)
(-0.26, -0.10, 0.07)
(-0.26, -0.10, 0.07)
(-0.26, -0.10, 0.07)
(-0.26, -0.10, 0.07)
(-0.26, -0.10, 0.07)
(-0.26, -0.10, 0.07)
(-0.26, -0.10, 0.07)
(-0.26, -0.10, 0.07)
(-0.26, -0.10, 0.07)
(-0.26, -0.10, 0.07)
(-0.26, -0.10, 0.07)
(-0.26, -0.10, 0.08)
(-0.26, -0.10, 0.08)
(-0.26, -0.10, 0.08)
(-0.26, -0.10, 0.08)
(-0.26, -0.10, 0.08)
(-0.26, -0.10, 0.08)
(-0.26, -0.10, 0.08)
(-0.26, -0.10, 0.08)
(-0.26, -0.10, 0.08)
(-0.26, -0.10, 0.08)
(-0.25, -0.10, 0.08)
(-0.25, -0.10, 0.08)
(-0.25, -0.09, 0.08)
(-0.25, -0.09, 0.08)
(-0.25, -0.09, 0.08)
(-0.25, -0.09, 0.08)
(-0.25, -0.09, 0.08)
(-0.25, -0.09, 0.08)
(-0.25, -0.09, 0.08)
(-0.25, -0.09, 0.08)
(-0.25, -0.09, 0.08)
(-0.25, -0.09, 0.09)
(-0.25, -0.09, 0.09)
(-0.25, -0.09, 0.09)
(-0.25, -0.09, 0.09)
(-0.25, -0.09, 0.09)
(-0.25, -0.09, 0.09)
(-0.25, -0.09, 0.09)
(-0.25, -0.09, 0.09)
(-0.25, -0.09, 0.09)
(-0.25, -0.09, 0.09)
(-0.25, -0.09, 0.09)
(-0.25, -0.09, 0.09)
(-0.25, -0.09, 0.09)
(-0.25, -0.09, 0.09)
(-0.25, -0.09, 0.09)
(-0.25, -0.09, 0.09)
(-0.25, -0.09, 0.09)
(-0.25, -0.09, 0.09)
(-0.25, -0.09, 0.09)
(-0.25, -0.09, 0.09)
(-0.25, -0.09, 0.09)
(-0.25, -0.08, 0.10)
(-0.25, -0.08, 0.10)
(-0.25, -0.08, 0.10)
(-0.25, -0.08, 0.10)
(-0.25, -0.08, 0.10)
(-0.25, -0.08, 0.10)
(-0.25, -0.08, 0.10)
(-0.25, -0.08, 0.10)
(-0.25, -0.08, 0.10)
(-0.25, -0.08, 0.10)
(-0.25, -0.08, 0.10)
(-0.25, -0.08, 0.10)
(-0.25, -0.08, 0.10)
(-0.25, -0.08, 0.10)
(-0.25, -0.08, 0.10)
(-0.25, -0.08, 0.10)
(-0.25, -0.08, 0.10)
(-0.25, -0.08, 0.10)
(-0.25, -0.08, 0.10)
(-0.25, -0.08, 0.10)
(-0.25, -0.08, 0.10)
(-0.25, -0.08, 0.11)
(-0.25, -0.08, 0.11)
(-0.25, -0.08, 0.11)
(-0.25, -0.08, 0.11)
(-0.25, -0.08, 0.11)
(-0.25, -0.08, 0.11)
(-0.25, -0.08, 0.11)
(-0.25, -0.08, 0.11)
(-0.25, -0.08, 0.11)
(-0.25, -0.07, 0.11)
(-0.25, -0.07, 0.11)
(-0.25, -0.07, 0.11)
(-0.25, -0.07, 0.11)
(-0.25, -0.07, 0.11)
(-0.25, -0.07, 0.11)
(-0.25, -0.07, 0.11)
(-0.25, -0.07, 0.11)
(-0.25, -0.07, 0.11)
(-0.25, -0.07, 0.11)
(-0.25, -0.07, 0.11)
(-0.25, -0.07, 0.11)
(-0.24, -0.07, 0.11)
(-0.24, -0.07, 0.12)
(-0.24, -0.07, 0.12)
(-0.24, -0.07, 0.12)
(-0.24, -0.07, 0.12)
(-0.24, -0.07, 0.12)
(-0.24, -0.07, 0.12)
(-0.24, -0.07, 0.12)
(-0.24, -0.07, 0.12)
(-0.24, -0.07, 0.12)
(-0.24, -0.07, 0.12)
(-0.24, -0.07, 0.12)
(-0.24, -0.07, 0.12)
(-0.24, -0.07, 0.12)
(-0.24, -0.07, 0.12)
(-0.24, -0.07, 0.12)
(-0.24, -0.07, 0.12)
(-0.24, -0.06, 0.12)
(-0.24, -0.06, 0.12)
(-0.24, -0.06, 0.12)
(-0.24, -0.06, 0.12)
(-0.24, -0.06, 0.12)
(-0.24, -0.06, 0.12)
(-0.24, -0.06, 0.13)
(-0.24, -0.06, 0.13)
(-0.24, -0.06, 0.13)
(-0.24, -0.06, 0.13)
(-0.24, -0.06, 0.13)
(-0.24, -0.06, 0.13)
(-0.24, -0.06, 0.13)
(-0.24, -0.06, 0.13)
(-0.24, -0.06, 0.13)
(-0.24, -0.06, 0.13)
(-0.24, -0.06, 0.13)
(-0.24, -0.06, 0.13)
(-0.24, -0.06, 0.13)
(-0.24, -0.06, 0.13)
(-0.24, -0.06, 0.13)
(-0.24, -0.06, 0.13)
(-0.24, -0.06, 0.13)
(-0.24, -0.06, 0.13)
(-0.24, -0.06, 0.13)
(-0.24, -0.06, 0.13)
(-0.24, -0.06, 0.13)
(-0.24, -0.06, 0.13)
(-0.24, -0.06, 0.13)
(-0.24, -0.06, 0.14)
(-0.24, -0.05, 0.14)
(-0.24, -0.05, 0.14)
(-0.24, -0.05, 0.14)
(-0.24, -0.05, 0.14)
(-0.24, -0.05, 0.14)
(-0.24, -0.05, 0.14)
(-0.24, -0.05, 0.14)
(-0.24, -0.05, 0.14)
(-0.24, -0.05, 0.14)
(-0.24, -0.05, 0.14)
(-0.24, -0.05, 0.14)
(-0.24, -0.05, 0.14)
(-0.24, -0.05, 0.14)
(-0.24, -0.05, 0.14)
(-0.24, -0.05, 0.14)
(-0.24, -0.05, 0.14)
(-0.24, -0.05, 0.14)
(-0.24, -0.05, 0.14)
(-0.24, -0.05, 0.14)
(-0.24, -0.05, 0.14)
(-0.24, -0.05, 0.14)
(-0.24, -0.05, 0.14)
(-0.24, -0.05, 0.15)
(-0.24, -0.05, 0.15)
(-0.24, -0.05, 0.15)
(-0.23, -0.05, 0.15)
(-0.23, -0.05, 0.15)
(-0.23, -0.05, 0.15)
(-0.23, -0.05, 0.15)
(-0.23, -0.04, 0.15)
(-0.23, -0.04, 0.15)
(-0.23, -0.04, 0.15)
(-0.23, -0.04, 0.15)
(-0.23, -0.04, 0.15)
(-0.23, -0.04, 0.15)
(-0.23, -0.04, 0.15)
(-0.23, -0.04, 0.15)
(-0.23, -0.04, 0.15)
(-0.23, -0.04, 0.15)
(-0.23, -0.04, 0.15)
(-0.23, -0.04, 0.15)
(-0.23, -0.04, 0.15)
(-0.23, -0.04, 0.15)
(-0.23, -0.04, 0.15)
(-0.23, -0.04, 0.15)
(-0.23, -0.04, 0.16)
(-0.23, -0.04, 0.16)
(-0.23, -0.04, 0.16)
(-0.23, -0.04, 0.16)
(-0.23, -0.04, 0.16)
(-0.23, -0.04, 0.16)
(-0.23, -0.04, 0.16)
(-0.23, -0.04, 0.16)
(-0.23, -0.04, 0.16)
(-0.23, -0.04, 0.16)
(-0.23, -0.04, 0.16)
(-0.23, -0.04, 0.16)
(-0.23, -0.04, 0.16)
(-0.23, -0.04, 0.16)
(-0.23, -0.03, 0.16)
(-0.23, -0.03, 0.16)
(-0.23, -0.03, 0.16)
(-0.23, -0.03, 0.16)
(-0.23, -0.03, 0.16)
(-0.23, -0.03, 0.16)
(-0.23, -0.03, 0.16)
(-0.23, -0.03, 0.16)
(-0.23, -0.03, 0.16)
(-0.23, -0.03, 0.16)
(-0.23, -0.03, 0.17)
(-0.23, -0.03, 0.17)
(-0.23, -0.03, 0.17)
(-0.23, -0.03, 0.17)
(-0.23, -0.03, 0.17)
(-0.23, -0.03, 0.17)
(-0.23, -0.03, 0.17)
(-0.23, -0.03, 0.17)
(-0.23, -0.03, 0.17)
(-0.23, -0.03, 0.17)
(-0.23, -0.03, 0.17)
(-0.23, -0.03, 0.17)
(-0.23, -0.03, 0.17)
(-0.23, -0.03, 0.17)
(-0.23, -0.03, 0.17)
(-0.23, -0.03, 0.17)
(-0.23, -0.03, 0.17)
(-0.23, -0.03, 0.17)
(-0.23, -0.03, 0.17)
(-0.23, -0.02, 0.17)
(-0.23, -0.02, 0.17)
(-0.23, -0.02, 0.17)
(-0.23, -0.02, 0.17)
(-0.23, -0.02, 0.17)
(-0.23, -0.02, 0.17)
(-0.23, -0.02, 0.18)
(-0.23, -0.02, 0.18)
(-0.22, -0.02, 0.18)
(-0.22, -0.02, 0.18)
(-0.22, -0.02, 0.18)
(-0.22, -0.02, 0.18)
(-0.22, -0.02, 0.18)
(-0.22, -0.02, 0.18)
(-0.22, -0.02, 0.18)
(-0.22, -0.02, 0.18)
(-0.22, -0.02, 0.18)
(-0.22, -0.02, 0.18)
(-0.22, -0.02, 0.18)
(-0.22, -0.02, 0.18)
(-0.22, -0.02, 0.18)
(-0.22, -0.02, 0.18)
(-0.22, -0.02, 0.18)
(-0.22, -0.02, 0.18)
(-0.22, -0.02, 0.18)
(-0.22, -0.02, 0.18)
(-0.22, -0.02, 0.18)
(-0.22, -0.02, 0.18)
(-0.22, -0.02, 0.18)
(-0.22, -0.01, 0.18)
(-0.22, -0.01, 0.18)
(-0.22, -0.01, 0.19)
(-0.22, -0.01, 0.19)
(-0.22, -0.01, 0.19)
(-0.22, -0.01, 0.19)
(-0.22, -0.01, 0.19)
(-0.22, -0.01, 0.19)
(-0.22, -0.01, 0.19)
(-0.22, -0.01, 0.19)
(-0.22, -0.01, 0.19)
(-0.22, -0.01, 0.19)
(-0.22, -0.01, 0.19)
(-0.22, -0.01, 0.19)
(-0.22, -0.01, 0.19)
(-0.22, -0.01, 0.19)
(-0.22, -0.01, 0.19)
(-0.22, -0.01, 0.19)
(-0.22, -0.01, 0.19)
(-0.22, -0.01, 0.19)
(-0.22, -0.01, 0.19)
(-0.22, -0.01, 0.19)
(-0.22, -0.01, 0.19)
(-0.22, -0.01, 0.19)
(-0.22, -0.01, 0.19)
(-0.22, -0.01, 0.19)
(-0.22, -0.01, 0.19)
(-0.22, -0.01, 0.19)
(-0.22, -0.01, 0.19)
(-0.22, -0.01, 0.20)
(-0.22, 0.00, 0.20)
(-0.22, 0.00, 0.20)
(-0.22, 0.00, 0.20)
(-0.22, 0.00, 0.20)
(-0.22, 0.00, 0.20)
(-0.22, 0.00, 0.20)
(-0.22, 0.00, 0.20)
(-0.22, 0.00, 0.20)
(-0.22, 0.00, 0.20)
(-0.22, 0.00, 0.20)
(-0.22, 0.00, 0.20)
(-0.22, 0.00, 0.20)
(-0.22, 0.00, 0.20)
(-0.22, 0.00, 0.20)
(-0.22, 0.00, 0.20)
(-0.22, 0.00, 0.20)
(-0.22, 0.00, 0.20)
(-0.22, 0.00, 0.20)
(-0.22, 0.00, 0.20)
(-0.21, 0.00, 0.20)
(-0.21, 0.00, 0.20)
(-0.21, 0.00, 0.20)
(-0.21, 0.00, 0.20)
(-0.21, 0.00, 0.20)
(-0.21, 0.00, 0.20)
(-0.21, 0.00, 0.20)
(-0.21, 0.00, 0.20)
(-0.21, 0.00, 0.21)
(-0.21, 0.00, 0.21)
(-0.21, 0.01, 0.21)
(-0.21, 0.01, 0.21)
(-0.21, 0.01, 0.21)
(-0.21, 0.01, 0.21)
(-0.21, 0.01, 0.21)
(-0.21, 0.01, 0.21)
(-0.21, 0.01, 0.21)
(-0.21, 0.01, 0.21)
(-0.21, 0.01, 0.21)
(-0.21, 0.01, 0.21)
(-0.21, 0.01, 0.21)
(-0.21, 0.01, 0.21)
(-0.21, 0.01, 0.21)
(-0.21, 0.01, 0.21)
(-0.21, 0.01, 0.21)
(-0.21, 0.01, 0.21)
(-0.21, 0.01, 0.21)
(-0.21, 0.01, 0.21)
(-0.21, 0.01, 0.21)
(-0.21, 0.01, 0.21)
(-0.21, 0.01, 0.21)
(-0.21, 0.01, 0.21)
(-0.21, 0.01, 0.21)
(-0.21, 0.01, 0.21)
(-0.21, 0.01, 0.21)
(-0.21, 0.01, 0.21)
(-0.21, 0.01, 0.21)
(-0.21, 0.01, 0.22)
(-0.21, 0.01, 0.22)
(-0.21, 0.01, 0.22)
(-0.21, 0.02, 0.22)
(-0.21, 0.02, 0.22)
(-0.21, 0.02, 0.22)
(-0.21, 0.02, 0.22)
(-0.21, 0.02, 0.22)
(-0.21, 0.02, 0.22)
(-0.21, 0.02, 0.22)
(-0.21, 0.02, 0.22)
(-0.21, 0.02, 0.22)
(-0.21, 0.02, 0.22)
(-0.21, 0.02, 0.22)
(-0.21, 0.02, 0.22)
(-0.21, 0.02, 0.22)
(-0.21, 0.02, 0.22)
(-0.21, 0.02, 0.22)
(-0.21, 0.02, 0.22)
(-0.21, 0.02, 0.22)
(-0.21, 0.02, 0.22)
(-0.21, 0.02, 0.22)
(-0.21, 0.02, 0.22)
(-0.21, 0.02, 0.22)
(-0.21, 0.02, 0.22)
(-0.21, 0.02, 0.22)
(-0.21, 0.02, 0.22)
(-0.21, 0.02, 0.22)
(-0.21, 0.02, 0.22)
(-0.21, 0.02, 0.22)
(-0.21, 0.02, 0.23)
(-0.20, 0.02, 0.23)
(-0.20, 0.02, 0.23)
(-0.20, 0.03, 0.23)
(-0.20, 0.03, 0.23)
(-0.20, 0.03, 0.23)
(-0.20, 0.03, 0.23)
(-0.20, 0.03, 0.23)
(-0.20, 0.03, 0.23)
(-0.20, 0.03, 0.23)
(-0.20, 0.03, 0.23)
(-0.20, 0.03, 0.23)
(-0.20, 0.03, 0.23)
(-0.20, 0.03, 0.23)
(-0.20, 0.03, 0.23)
(-0.20, 0.03, 0.23)
(-0.20, 0.03, 0.23)
(-0.20, 0.03, 0.23)
(-0.20, 0.03, 0.23)
(-0.20, 0.03, 0.23)
(-0.20, 0.03, 0.23)
(-0.20, 0.03, 0.23)
(-0.20, 0.03, 0.23)
(-0.20, 0.03, 0.23)
(-0.20, 0.03, 0.23)
(-0.20, 0.03, 0.23)
(-0.20, 0.03, 0.23)
(-0.20, 0.03, 0.23)
(-0.20, 0.03, 0.23)
(-0.20, 0.03, 0.23)
(-0.20, 0.03, 0.23)
(-0.20, 0.03, 0.23)
(-0.20, 0.03, 0.23)
(-0.20, 0.04, 0.24)
(-0.20, 0.04, 0.24)
(-0.20, 0.04, 0.24)
(-0.20, 0.04, 0.24)
(-0.20, 0.04, 0.24)
(-0.20, 0.04, 0.24)
(-0.20, 0.04, 0.24)
(-0.20, 0.04, 0.24)
(-0.20, 0.04, 0.24)
(-0.20, 0.04, 0.24)
(-0.20, 0.04, 0.24)
(-0.20, 0.04, 0.24)
(-0.20, 0.04, 0.24)
(-0.20, 0.04, 0.24)
(-0.20, 0.04, 0.24)
(-0.20, 0.04, 0.24)
(-0.20, 0.04, 0.24)
(-0.20, 0.04, 0.24)
(-0.20, 0.04, 0.24)
(-0.20, 0.04, 0.24)
(-0.20, 0.04, 0.24)
(-0.20, 0.04, 0.24)
(-0.20, 0.04, 0.24)
(-0.20, 0.04, 0.24)
(-0.20, 0.04, 0.24)
(-0.20, 0.04, 0.24)
(-0.20, 0.04, 0.24)
(-0.20, 0.04, 0.24)
(-0.20, 0.04, 0.24)
(-0.20, 0.04, 0.24)
(-0.20, 0.05, 0.24)
(-0.20, 0.05, 0.24)
(-0.20, 0.05, 0.24)
(-0.20, 0.05, 0.24)
(-0.20, 0.05, 0.24)
(-0.20, 0.05, 0.25)
(-0.19, 0.05, 0.25)
(-0.19, 0.05, 0.25)
(-0.19, 0.05, 0.25)
(-0.19, 0.05, 0.25)
(-0.19, 0.05, 0.25)
(-0.19, 0.05, 0.25)
(-0.19, 0.05, 0.25)
(-0.19, 0.05, 0.25)
(-0.19, 0.05, 0.25)
(-0.19, 0.05, 0.25)
(-0.19, 0.05, 0.25)
(-0.19, 0.05, 0.25)
(-0.19, 0.05, 0.25)
(-0.19, 0.05, 0.25)
(-0.19, 0.05, 0.25)
(-0.19, 0.05, 0.25)
(-0.19, 0.05, 0.25)
(-0.19, 0.05, 0.25)
(-0.19, 0.05, 0.25)
(-0.19, 0.05, 0.25)
(-0.19, 0.05, 0.25)
(-0.19, 0.05, 0.25)
(-0.19, 0.05, 0.25)
(-0.19, 0.05, 0.25)
(-0.19, 0.06, 0.25)
(-0.19, 0.06, 0.25)
(-0.19, 0.06, 0.25)
(-0.19, 0.06, 0.25)
(-0.19, 0.06, 0.25)
(-0.19, 0.06, 0.25)
(-0.19, 0.06, 0.25)
(-0.19, 0.06, 0.25)
(-0.19, 0.06, 0.25)
(-0.19, 0.06, 0.25)
(-0.19, 0.06, 0.25)
(-0.19, 0.06, 0.25)
(-0.19, 0.06, 0.25)
(-0.19, 0.06, 0.26)
(-0.19, 0.06, 0.26)
(-0.19, 0.06, 0.26)
(-0.19, 0.06, 0.26)
(-0.19, 0.06, 0.26)
(-0.19, 0.06, 0.26)
(-0.19, 0.06, 0.26)
(-0.19, 0.06, 0.26)
(-0.19, 0.06, 0.26)
(-0.19, 0.06, 0.26)
(-0.19, 0.06, 0.26)
(-0.19, 0.06, 0.26)
(-0.19, 0.06, 0.26)
(-0.19, 0.06, 0.26)
(-0.19, 0.06, 0.26)
(-0.19, 0.06, 0.26)
(-0.19, 0.06, 0.26)
(-0.19, 0.06, 0.26)
(-0.19, 0.07, 0.26)
(-0.19, 0.07, 0.26)
(-0.19, 0.07, 0.26)
(-0.19, 0.07, 0.26)
(-0.19, 0.07, 0.26)
(-0.19, 0.07, 0.26)
(-0.19, 0.07, 0.26)
(-0.19, 0.07, 0.26)
(-0.19, 0.07, 0.26)
(-0.19, 0.07, 0.26)
(-0.19, 0.07, 0.26)
(-0.18, 0.07, 0.26)
(-0.18, 0.07, 0.26)
(-0.18, 0.07, 0.26)
(-0.18, 0.07, 0.26)
(-0.18, 0.07, 0.26)
(-0.18, 0.07, 0.26)
(-0.18, 0.07, 0.26)
(-0.18, 0.07, 0.26)
(-0.18, 0.07, 0.26)
(-0.18, 0.07, 0.26)
(-0.18, 0.07, 0.26)
(-0.18, 0.07, 0.26)
(-0.18, 0.07, 0.26)
(-0.18, 0.07, 0.26)
(-0.18, 0.07, 0.27)
(-0.18, 0.07, 0.27)
(-0.18, 0.07, 0.27)
(-0.18, 0.07, 0.27)
(-0.18, 0.07, 0.27)
(-0.18, 0.07, 0.27)
(-0.18, 0.08, 0.27)
(-0.18, 0.08, 0.27)
(-0.18, 0.08, 0.27)
(-0.18, 0.08, 0.27)
(-0.18, 0.08, 0.27)
(-0.18, 0.08, 0.27)
(-0.18, 0.08, 0.27)
(-0.18, 0.08, 0.27)
(-0.18, 0.08, 0.27)
(-0.18, 0.08, 0.27)
(-0.18, 0.08, 0.27)
(-0.18, 0.08, 0.27)
(-0.18, 0.08, 0.27)
(-0.18, 0.08, 0.27)
(-0.18, 0.08, 0.27)
(-0.18, 0.08, 0.27)
(-0.18, 0.08, 0.27)
(-0.18, 0.08, 0.27)
(-0.18, 0.08, 0.27)
(-0.18, 0.08, 0.27)
(-0.18, 0.08, 0.27)
(-0.18, 0.08, 0.27)
(-0.18, 0.08, 0.27)
(-0.18, 0.08, 0.27)
(-0.18, 0.08, 0.27)
(-0.18, 0.08, 0.27)
(-0.18, 0.08, 0.27)
(-0.18, 0.08, 0.27)
(-0.18, 0.08, 0.27)
(-0.18, 0.08, 0.27)
(-0.18, 0.08, 0.27)
(-0.18, 0.09, 0.27)
(-0.18, 0.09, 0.27)
(-0.18, 0.09, 0.27)
(-0.18, 0.09, 0.27)
(-0.18, 0.09, 0.27)
(-0.18, 0.09, 0.27)
(-0.18, 0.09, 0.27)
(-0.18, 0.09, 0.27)
(-0.18, 0.09, 0.27)
(-0.18, 0.09, 0.27)
(-0.18, 0.09, 0.27)
(-0.18, 0.09, 0.27)
(-0.18, 0.09, 0.27)
(-0.18, 0.09, 0.28)
(-0.17, 0.09, 0.28)
(-0.17, 0.09, 0.28)
(-0.17, 0.09, 0.28)
(-0.17, 0.09, 0.28)
(-0.17, 0.09, 0.28)
(-0.17, 0.09, 0.28)
(-0.17, 0.09, 0.28)
(-0.17, 0.09, 0.28)
(-0.17, 0.09, 0.28)
(-0.17, 0.09, 0.28)
(-0.17, 0.09, 0.28)
(-0.17, 0.09, 0.28)
(-0.17, 0.09, 0.28)
(-0.17, 0.09, 0.28)
(-0.17, 0.09, 0.28)
(-0.17, 0.09, 0.28)
(-0.17, 0.09, 0.28)
(-0.17, 0.10, 0.28)
(-0.17, 0.10, 0.28)
(-0.17, 0.10, 0.28)
(-0.17, 0.10, 0.28)
(-0.17, 0.10, 0.28)
(-0.17, 0.10, 0.28)
(-0.17, 0.10, 0.28)
(-0.17, 0.10, 0.28)
(-0.17, 0.10, 0.28)
(-0.17, 0.10, 0.28)
(-0.17, 0.10, 0.28)
(-0.17, 0.10, 0.28)
(-0.17, 0.10, 0.28)
(-0.17, 0.10, 0.28)
(-0.17, 0.10, 0.28)
(-0.17, 0.10, 0.28)
(-0.17, 0.10, 0.28)
(-0.17, 0.10, 0.28)
(-0.17, 0.10, 0.28)
(-0.17, 0.10, 0.28)
(-0.17, 0.10, 0.28)
(-0.17, 0.10, 0.28)
(-0.17, 0.10, 0.28)
(-0.17, 0.10, 0.28)
(-0.17, 0.10, 0.28)
(-0.17, 0.10, 0.28)
(-0.17, 0.10, 0.28)
(-0.17, 0.10, 0.28)
(-0.17, 0.10, 0.28)
(-0.17, 0.10, 0.28)
(-0.17, 0.10, 0.28)
(-0.17, 0.10, 0.28)
(-0.17, 0.11, 0.28)
(-0.17, 0.11, 0.28)
(-0.17, 0.11, 0.28)
(-0.17, 0.11, 0.28)
(-0.17, 0.11, 0.28)
(-0.17, 0.11, 0.28)
(-0.17, 0.11, 0.28)
(-0.17, 0.11, 0.28)
(-0.17, 0.11, 0.28)
(-0.17, 0.11, 0.28)
(-0.17, 0.11, 0.28)
(-0.17, 0.11, 0.28)
(-0.17, 0.11, 0.28)
(-0.17, 0.11, 0.28)
(-0.17, 0.11, 0.29)
(-0.16, 0.11, 0.29)
(-0.16, 0.11, 0.29)
(-0.16, 0.11, 0.29)
(-0.16, 0.11, 0.29)
(-0.16, 0.11, 0.29)
(-0.16, 0.11, 0.29)
(-0.16, 0.11, 0.29)
(-0.16, 0.11, 0.29)
(-0.16, 0.11, 0.29)
(-0.16, 0.11, 0.29)
(-0.16, 0.11, 0.29)
(-0.16, 0.11, 0.29)
(-0.16, 0.11, 0.29)
(-0.16, 0.11, 0.29)
(-0.16, 0.11, 0.29)
(-0.16, 0.11, 0.29)
(-0.16, 0.11, 0.29)
(-0.16, 0.11, 0.29)
(-0.16, 0.12, 0.29)
(-0.16, 0.12, 0.29)
(-0.16, 0.12, 0.29)
(-0.16, 0.12, 0.29)
(-0.16, 0.12, 0.29)
(-0.16, 0.12, 0.29)
(-0.16, 0.12, 0.29)
(-0.16, 0.12, 0.29)
(-0.16, 0.12, 0.29)
(-0.16, 0.12, 0.29)
(-0.16, 0.12, 0.29)
(-0.16, 0.12, 0.29)
(-0.16, 0.12, 0.29)
(-0.16, 0.12, 0.29)
(-0.16, 0.12, 0.29)
(-0.16, 0.12, 0.29)
(-0.16, 0.12, 0.29)
(-0.16, 0.12, 0.29)
(-0.16, 0.12, 0.29)
(-0.16, 0.12, 0.29)
(-0.16, 0.12, 0.29)
(-0.16, 0.12, 0.29)
(-0.16, 0.12, 0.29)
(-0.16, 0.12, 0.29)
(-0.16, 0.12, 0.29)
(-0.16, 0.12, 0.29)
(-0.16, 0.12, 0.29)
(-0.16, 0.12, 0.29)
(-0.16, 0.12, 0.29)
(-0.16, 0.12, 0.29)
(-0.16, 0.12, 0.29)
(-0.16, 0.12, 0.29)
(-0.16, 0.12, 0.29)
(-0.16, 0.13, 0.29)
(-0.16, 0.13, 0.29)
(-0.16, 0.13, 0.29)
(-0.16, 0.13, 0.29)
(-0.16, 0.13, 0.29)
(-0.16, 0.13, 0.29)
(-0.16, 0.13, 0.29)
(-0.16, 0.13, 0.29)
(-0.16, 0.13, 0.29)
(-0.16, 0.13, 0.29)
(-0.16, 0.13, 0.29)
(-0.16, 0.13, 0.29)
(-0.16, 0.13, 0.29)
(-0.15, 0.13, 0.29)
(-0.15, 0.13, 0.29)
(-0.15, 0.13, 0.29)
(-0.15, 0.13, 0.29)
(-0.15, 0.13, 0.29)
(-0.15, 0.13, 0.29)
(-0.15, 0.13, 0.29)
(-0.15, 0.13, 0.29)
(-0.15, 0.13, 0.29)
(-0.15, 0.13, 0.29)
(-0.15, 0.13, 0.29)
(-0.15, 0.13, 0.29)
(-0.15, 0.13, 0.29)
(-0.15, 0.13, 0.29)
(-0.15, 0.13, 0.29)
(-0.15, 0.13, 0.29)
(-0.15, 0.13, 0.29)
(-0.15, 0.13, 0.29)
(-0.15, 0.13, 0.29)
(-0.15, 0.13, 0.29)
(-0.15, 0.13, 0.29)
(-0.15, 0.14, 0.29)
(-0.15, 0.14, 0.29)
(-0.15, 0.14, 0.29)
(-0.15, 0.14, 0.29)
(-0.15, 0.14, 0.29)
(-0.15, 0.14, 0.29)
(-0.15, 0.14, 0.29)
(-0.15, 0.14, 0.29)
(-0.15, 0.14, 0.29)
(-0.15, 0.14, 0.29)
(-0.15, 0.14, 0.29)
(-0.15, 0.14, 0.29)
(-0.15, 0.14, 0.29)
(-0.15, 0.14, 0.29)
(-0.15, 0.14, 0.29)
(-0.15, 0.14, 0.29)
(-0.15, 0.14, 0.29)
(-0.15, 0.14, 0.29)
(-0.15, 0.14, 0.29)
(-0.15, 0.14, 0.29)
(-0.15, 0.14, 0.29)
(-0.15, 0.14, 0.29)
(-0.15, 0.14, 0.29)
(-0.15, 0.14, 0.29)
(-0.15, 0.14, 0.30)
(-0.15, 0.14, 0.30)
(-0.15, 0.14, 0.30)
(-0.15, 0.14, 0.30)
(-0.15, 0.14, 0.30)
(-0.15, 0.14, 0.30)
(-0.15, 0.14, 0.30)
(-0.15, 0.14, 0.30)
(-0.15, 0.14, 0.30)
(-0.15, 0.14, 0.30)
(-0.15, 0.15, 0.30)
(-0.15, 0.15, 0.30)
(-0.15, 0.15, 0.30)
(-0.15, 0.15, 0.30)
(-0.15, 0.15, 0.30)
(-0.15, 0.15, 0.30)
(-0.15, 0.15, 0.30)
(-0.15, 0.15, 0.30)
(-0.14, 0.15, 0.30)
(-0.14, 0.15, 0.30)
(-0.14, 0.15, 0.30)
(-0.14, 0.15, 0.30)
(-0.14, 0.15, 0.30)
(-0.14, 0.15, 0.30)
(-0.14, 0.15, 0.30)
(-0.14, 0.15, 0.30)
(-0.14, 0.15, 0.30)
(-0.14, 0.15, 0.30)
(-0.14, 0.15, 0.30)
(-0.14, 0.15, 0.30)
(-0.14, 0.15, 0.30)
(-0.14, 0.15, 0.30)
(-0.14, 0.15, 0.30)
(-0.14, 0.15, 0.30)
(-0.14, 0.15, 0.30)
(-0.14, 0.15, 0.30)
(-0.14, 0.15, 0.30)
(-0.14, 0.15, 0.30)
(-0.14, 0.15, 0.30)
(-0.14, 0.15, 0.30)
(-0.14, 0.15, 0.30)
(-0.14, 0.15, 0.30)
(-0.14, 0.15, 0.30)
(-0.14, 0.15, 0.30)
(-0.14, 0.15, 0.30)
(-0.14, 0.16, 0.30)
(-0.14, 0.16, 0.30)
(-0.14, 0.16, 0.30)
(-0.14, 0.16, 0.30)
(-0.14, 0.16, 0.30)
(-0.14, 0.16, 0.30)
(-0.14, 0.16, 0.30)
(-0.14, 0.16, 0.30)
(-0.14, 0.16, 0.30)
(-0.14, 0.16, 0.30)
(-0.14, 0.16, 0.30)
(-0.14, 0.16, 0.30)
(-0.14, 0.16, 0.30)
(-0.14, 0.16, 0.30)
(-0.14, 0.16, 0.30)
(-0.14, 0.16, 0.30)
(-0.14, 0.16, 0.30)
(-0.14, 0.16, 0.30)
(-0.14, 0.16, 0.30)
(-0.14, 0.16, 0.30)
(-0.14, 0.16, 0.30)
(-0.14, 0.16, 0.30)
(-0.14, 0.16, 0.30)
(-0.14, 0.16, 0.30)
(-0.14, 0.16, 0.30)
(-0.14, 0.16, 0.30)
(-0.14, 0.16, 0.30)
(-0.14, 0.16, 0.30)
(-0.14, 0.16, 0.30)
(-0.14, 0.16, 0.30)
(-0.14, 0.16, 0.30)
(-0.14, 0.16, 0.30)
(-0.14, 0.16, 0.30)
(-0.14, 0.16, 0.30)
(-0.14, 0.16, 0.30)
(-0.13, 0.16, 0.30)
(-0.13, 0.17, 0.30)
(-0.13, 0.17, 0.30)
(-0.13, 0.17, 0.30)
(-0.13, 0.17, 0.30)
(-0.13, 0.17, 0.30)
(-0.13, 0.17, 0.30)
(-0.13, 0.17, 0.30)
(-0.13, 0.17, 0.30)
(-0.13, 0.17, 0.30)
(-0.13, 0.17, 0.30)
(-0.13, 0.17, 0.30)
(-0.13, 0.17, 0.30)
(-0.13, 0.17, 0.30)
(-0.13, 0.17, 0.30)
(-0.13, 0.17, 0.30)
(-0.13, 0.17, 0.30)
(-0.13, 0.17, 0.30)
(-0.13, 0.17, 0.30)
(-0.13, 0.17, 0.30)
(-0.13, 0.17, 0.30)
(-0.13, 0.17, 0.30)
(-0.13, 0.17, 0.30)
(-0.13, 0.17, 0.30)
(-0.13, 0.17, 0.30)
(-0.13, 0.17, 0.30)
(-0.13, 0.17, 0.30)
(-0.13, 0.17, 0.30)
(-0.13, 0.17, 0.30)
(-0.13, 0.17, 0.30)
(-0.13, 0.17, 0.30)
(-0.13, 0.17, 0.30)
(-0.13, 0.17, 0.30)
(-0.13, 0.17, 0.30)
(-0.13, 0.17, 0.30)
(-0.13, 0.17, 0.30)
(-0.13, 0.17, 0.30)
(-0.13, 0.17, 0.30)
(-0.13, 0.17, 0.30)
(-0.13, 0.18, 0.30)
(-0.13, 0.18, 0.30)
(-0.13, 0.18, 0.30)
(-0.13, 0.18, 0.30)
(-0.13, 0.18, 0.30)
(-0.13, 0.18, 0.30)
(-0.13, 0.18, 0.29)
(-0.13, 0.18, 0.29)
(-0.13, 0.18, 0.29)
(-0.13, 0.18, 0.29)
(-0.13, 0.18, 0.29)
(-0.13, 0.18, 0.29)
(-0.13, 0.18, 0.29)
(-0.13, 0.18, 0.29)
(-0.13, 0.18, 0.29)
(-0.13, 0.18, 0.29)
(-0.13, 0.18, 0.29)
(-0.13, 0.18, 0.29)
(-0.13, 0.18, 0.29)
(-0.13, 0.18, 0.29)
(-0.13, 0.18, 0.29)
(-0.13, 0.18, 0.29)
(-0.12, 0.18, 0.29)
(-0.12, 0.18, 0.29)
(-0.12, 0.18, 0.29)
(-0.12, 0.18, 0.29)
(-0.12, 0.18, 0.29)
(-0.12, 0.18, 0.29)
(-0.12, 0.18, 0.29)
(-0.12, 0.18, 0.29)
(-0.12, 0.18, 0.29)
(-0.12, 0.18, 0.29)
(-0.12, 0.18, 0.29)
(-0.12, 0.18, 0.29)
(-0.12, 0.18, 0.29)
(-0.12, 0.18, 0.29)
(-0.12, 0.18, 0.29)
(-0.12, 0.18, 0.29)
(-0.12, 0.19, 0.29)
(-0.12, 0.19, 0.29)
(-0.12, 0.19, 0.29)
(-0.12, 0.19, 0.29)
(-0.12, 0.19, 0.29)
(-0.12, 0.19, 0.29)
(-0.12, 0.19, 0.29)
(-0.12, 0.19, 0.29)
(-0.12, 0.19, 0.29)
(-0.12, 0.19, 0.29)
(-0.12, 0.19, 0.29)
(-0.12, 0.19, 0.29)
(-0.12, 0.19, 0.29)
(-0.12, 0.19, 0.29)
(-0.12, 0.19, 0.29)
(-0.12, 0.19, 0.29)
(-0.12, 0.19, 0.29)
(-0.12, 0.19, 0.29)
(-0.12, 0.19, 0.29)
(-0.12, 0.19, 0.29)
(-0.12, 0.19, 0.29)
(-0.12, 0.19, 0.29)
(-0.12, 0.19, 0.29)
(-0.12, 0.19, 0.29)
(-0.12, 0.19, 0.29)
(-0.12, 0.19, 0.29)
(-0.12, 0.19, 0.29)
(-0.12, 0.19, 0.29)
(-0.12, 0.19, 0.29)
(-0.12, 0.19, 0.29)
(-0.12, 0.19, 0.29)
(-0.12, 0.19, 0.29)
(-0.12, 0.19, 0.29)
(-0.12, 0.19, 0.29)
(-0.12, 0.19, 0.29)
(-0.12, 0.19, 0.29)
(-0.12, 0.19, 0.29)
(-0.12, 0.19, 0.29)
(-0.12, 0.19, 0.29)
(-0.12, 0.19, 0.29)
(-0.12, 0.20, 0.29)
(-0.12, 0.20, 0.29)
(-0.12, 0.20, 0.29)
(-0.12, 0.20, 0.29)
(-0.12, 0.20, 0.29)
(-0.12, 0.20, 0.29)
(-0.11, 0.20, 0.29)
(-0.11, 0.20, 0.29)
(-0.11, 0.20, 0.29)
(-0.11, 0.20, 0.29)
(-0.11, 0.20, 0.29)
(-0.11, 0.20, 0.29)
(-0.11, 0.20, 0.29)
(-0.11, 0.20, 0.29)
(-0.11, 0.20, 0.29)
(-0.11, 0.20, 0.29)
(-0.11, 0.20, 0.29)
(-0.11, 0.20, 0.29)
(-0.11, 0.20, 0.29)
(-0.11, 0.20, 0.29)
(-0.11, 0.20, 0.29)
(-0.11, 0.20, 0.29)
(-0.11, 0.20, 0.29)
(-0.11, 0.20, 0.29)
(-0.11, 0.20, 0.29)
(-0.11, 0.20, 0.29)
(-0.11, 0.20, 0.29)
(-0.11, 0.20, 0.29)
(-0.11, 0.20, 0.29)
(-0.11, 0.20, 0.29)
(-0.11, 0.20, 0.29)
(-0.11, 0.20, 0.29)
(-0.11, 0.20, 0.29)
(-0.11, 0.20, 0.29)
(-0.11, 0.20, 0.29)
(-0.11, 0.20, 0.29)
(-0.11, 0.20, 0.29)
(-0.11, 0.20, 0.29)
(-0.11, 0.20, 0.29)
(-0.11, 0.20, 0.29)
(-0.11, 0.20, 0.28)
(-0.11, 0.21, 0.28)
(-0.11, 0.21, 0.28)
(-0.11, 0.21, 0.28)
(-0.11, 0.21, 0.28)
(-0.11, 0.21, 0.28)
(-0.11, 0.21, 0.28)
(-0.11, 0.21, 0.28)
(-0.11, 0.21, 0.28)
(-0.11, 0.21, 0.28)
(-0.11, 0.21, 0.28)
(-0.11, 0.21, 0.28)
(-0.11, 0.21, 0.28)
(-0.11, 0.21, 0.28)
(-0.11, 0.21, 0.28)
(-0.11, 0.21, 0.28)
(-0.11, 0.21, 0.28)
(-0.11, 0.21, 0.28)
(-0.11, 0.21, 0.28)
(-0.11, 0.21, 0.28)
(-0.11, 0.21, 0.28)
(-0.11, 0.21, 0.28)
(-0.11, 0.21, 0.28)
(-0.11, 0.21, 0.28)
(-0.11, 0.21, 0.28)
(-0.11, 0.21, 0.28)
(-0.10, 0.21, 0.28)
(-0.10, 0.21, 0.28)
(-0.10, 0.21, 0.28)
(-0.10, 0.21, 0.28)
(-0.10, 0.21, 0.28)
(-0.10, 0.21, 0.28)
(-0.10, 0.21, 0.28)
(-0.10, 0.21, 0.28)
(-0.10, 0.21, 0.28)
(-0.10, 0.21, 0.28)
(-0.10, 0.21, 0.28)
(-0.10, 0.21, 0.28)
(-0.10, 0.21, 0.28)
(-0.10, 0.21, 0.28)
(-0.10, 0.21, 0.28)
(-0.10, 0.21, 0.28)
(-0.10, 0.21, 0.28)
(-0.10, 0.21, 0.28)
(-0.10, 0.21, 0.28)
(-0.10, 0.22, 0.28)
(-0.10, 0.22, 0.28)
(-0.10, 0.22, 0.28)
(-0.10, 0.22, 0.28)
(-0.10, 0.22, 0.28)
(-0.10, 0.22, 0.28)
(-0.10, 0.22, 0.28)
(-0.10, 0.22, 0.28)
(-0.10, 0.22, 0.28)
(-0.10, 0.22, 0.28)
(-0.10, 0.22, 0.28)
(-0.10, 0.22, 0.28)
(-0.10, 0.22, 0.28)
(-0.10, 0.22, 0.28)
(-0.10, 0.22, 0.28)
(-0.10, 0.22, 0.28)
(-0.10, 0.22, 0.28)
(-0.10, 0.22, 0.28)
(-0.10, 0.22, 0.28)
(-0.10, 0.22, 0.28)
(-0.10, 0.22, 0.28)
(-0.10, 0.22, 0.27)
(-0.10, 0.22, 0.27)
(-0.10, 0.22, 0.27)
(-0.10, 0.22, 0.27)
(-0.10, 0.22, 0.27)
(-0.10, 0.22, 0.27)
(-0.10, 0.22, 0.27)
(-0.10, 0.22, 0.27)
(-0.10, 0.22, 0.27)
(-0.10, 0.22, 0.27)
(-0.10, 0.22, 0.27)
(-0.10, 0.22, 0.27)
(-0.10, 0.22, 0.27)
(-0.10, 0.22, 0.27)
(-0.10, 0.22, 0.27)
(-0.10, 0.22, 0.27)
(-0.10, 0.22, 0.27)
(-0.10, 0.22, 0.27)
(-0.10, 0.22, 0.27)
(-0.10, 0.22, 0.27)
(-0.09, 0.22, 0.27)
(-0.09, 0.22, 0.27)
(-0.09, 0.22, 0.27)
(-0.09, 0.22, 0.27)
(-0.09, 0.23, 0.27)
(-0.09, 0.23, 0.27)
(-0.09, 0.23, 0.27)
(-0.09, 0.23, 0.27)
(-0.09, 0.23, 0.27)
(-0.09, 0.23, 0.27)
(-0.09, 0.23, 0.27)
(-0.09, 0.23, 0.27)
(-0.09, 0.23, 0.27)
(-0.09, 0.23, 0.27)
(-0.09, 0.23, 0.27)
(-0.09, 0.23, 0.27)
(-0.09, 0.23, 0.27)
(-0.09, 0.23, 0.27)
(-0.09, 0.23, 0.27)
(-0.09, 0.23, 0.27)
(-0.09, 0.23, 0.27)
(-0.09, 0.23, 0.27)
(-0.09, 0.23, 0.27)
(-0.09, 0.23, 0.27)
(-0.09, 0.23, 0.27)
(-0.09, 0.23, 0.27)
(-0.09, 0.23, 0.27)
(-0.09, 0.23, 0.27)
(-0.09, 0.23, 0.27)
(-0.09, 0.23, 0.27)
(-0.09, 0.23, 0.27)
(-0.09, 0.23, 0.27)
(-0.09, 0.23, 0.26)
(-0.09, 0.23, 0.26)
(-0.09, 0.23, 0.26)
(-0.09, 0.23, 0.26)
(-0.09, 0.23, 0.26)
(-0.09, 0.23, 0.26)
(-0.09, 0.23, 0.26)
(-0.09, 0.23, 0.26)
(-0.09, 0.23, 0.26)
(-0.09, 0.23, 0.26)
(-0.09, 0.23, 0.26)
(-0.09, 0.23, 0.26)
(-0.09, 0.23, 0.26)
(-0.09, 0.23, 0.26)
(-0.09, 0.23, 0.26)
(-0.09, 0.23, 0.26)
(-0.09, 0.23, 0.26)
(-0.09, 0.23, 0.26)
(-0.09, 0.23, 0.26)
(-0.09, 0.23, 0.26)
(-0.09, 0.23, 0.26)
(-0.09, 0.24, 0.26)
(-0.09, 0.24, 0.26)
(-0.09, 0.24, 0.26)
(-0.09, 0.24, 0.26)
(-0.09, 0.24, 0.26)
(-0.09, 0.24, 0.26)
(-0.09, 0.24, 0.26)
(-0.08, 0.24, 0.26)
(-0.08, 0.24, 0.26)
(-0.08, 0.24, 0.26)
(-0.08, 0.24, 0.26)
(-0.08, 0.24, 0.26)
(-0.08, 0.24, 0.26)
(-0.08, 0.24, 0.26)
(-0.08, 0.24, 0.26)
(-0.08, 0.24, 0.26)
(-0.08, 0.24, 0.26)
(-0.08, 0.24, 0.26)
(-0.08, 0.24, 0.26)
(-0.08, 0.24, 0.26)
(-0.08, 0.24, 0.26)
(-0.08, 0.24, 0.26)
(-0.08, 0.24, 0.26)
(-0.08, 0.24, 0.26)
(-0.08, 0.24, 0.25)
(-0.08, 0.24, 0.25)
(-0.08, 0.24, 0.25)
(-0.08, 0.24, 0.25)
(-0.08, 0.24, 0.25)
(-0.08, 0.24, 0.25)
(-0.08, 0.24, 0.25)
(-0.08, 0.24, 0.25)
(-0.08, 0.24, 0.25)
(-0.08, 0.24, 0.25)
(-0.08, 0.24, 0.25)
(-0.08, 0.24, 0.25)
(-0.08, 0.24, 0.25)
(-0.08, 0.24, 0.25)
(-0.08, 0.24, 0.25)
(-0.08, 0.24, 0.25)
(-0.08, 0.24, 0.25)
(-0.08, 0.24, 0.25)
(-0.08, 0.24, 0.25)
(-0.08, 0.24, 0.25)
(-0.08, 0.24, 0.25)
(-0.08, 0.24, 0.25)
(-0.08, 0.24, 0.25)
(-0.08, 0.24, 0.25)
(-0.08, 0.24, 0.25)
(-0.08, 0.24, 0.25)
(-0.08, 0.24, 0.25)
(-0.08, 0.24, 0.25)
(-0.08, 0.24, 0.25)
(-0.08, 0.25, 0.25)
(-0.08, 0.25, 0.25)
(-0.08, 0.25, 0.25)
(-0.08, 0.25, 0.25)
(-0.08, 0.25, 0.25)
(-0.08, 0.25, 0.25)
(-0.08, 0.25, 0.25)
(-0.08, 0.25, 0.25)
(-0.08, 0.25, 0.25)
(-0.08, 0.25, 0.25)
(-0.08, 0.25, 0.25)
(-0.08, 0.25, 0.24)
(-0.08, 0.25, 0.24)
(-0.08, 0.25, 0.24)
(-0.07, 0.25, 0.24)
(-0.07, 0.25, 0.24)
(-0.07, 0.25, 0.24)
(-0.07, 0.25, 0.24)
(-0.07, 0.25, 0.24)
(-0.07, 0.25, 0.24)
(-0.07, 0.25, 0.24)
(-0.07, 0.25, 0.24)
(-0.07, 0.25, 0.24)
(-0.07, 0.25, 0.24)
(-0.07, 0.25, 0.24)
(-0.07, 0.25, 0.24)
(-0.07, 0.25, 0.24)
(-0.07, 0.25, 0.24)
(-0.07, 0.25, 0.24)
(-0.07, 0.25, 0.24)
(-0.07, 0.25, 0.24)
(-0.07, 0.25, 0.24)
(-0.07, 0.25, 0.24)
(-0.07, 0.25, 0.24)
(-0.07, 0.25, 0.24)
(-0.07, 0.25, 0.24)
(-0.07, 0.25, 0.24)
(-0.07, 0.25, 0.24)
(-0.07, 0.25, 0.24)
(-0.07, 0.25, 0.24)
(-0.07, 0.25, 0.24)
(-0.07, 0.25, 0.24)
(-0.07, 0.25, 0.24)
(-0.07, 0.25, 0.24)
(-0.07, 0.25, 0.24)
(-0.07, 0.25, 0.24)
(-0.07, 0.25, 0.24)
(-0.07, 0.25, 0.24)
(-0.07, 0.25, 0.23)
(-0.07, 0.25, 0.23)
(-0.07, 0.25, 0.23)
(-0.07, 0.25, 0.23)
(-0.07, 0.25, 0.23)
(-0.07, 0.25, 0.23)
(-0.07, 0.25, 0.23)
(-0.07, 0.25, 0.23)
(-0.07, 0.25, 0.23)
(-0.07, 0.26, 0.23)
(-0.07, 0.26, 0.23)
(-0.07, 0.26, 0.23)
(-0.07, 0.26, 0.23)
(-0.07, 0.26, 0.23)
(-0.07, 0.26, 0.23)
(-0.07, 0.26, 0.23)
(-0.07, 0.26, 0.23)
(-0.07, 0.26, 0.23)
(-0.07, 0.26, 0.23)
(-0.07, 0.26, 0.23)
(-0.07, 0.26, 0.23)
(-0.07, 0.26, 0.23)
(-0.07, 0.26, 0.23)
(-0.07, 0.26, 0.23)
(-0.07, 0.26, 0.23)
(-0.06, 0.26, 0.23)
(-0.06, 0.26, 0.23)
(-0.06, 0.26, 0.23)
(-0.06, 0.26, 0.23)
(-0.06, 0.26, 0.23)
(-0.06, 0.26, 0.23)
(-0.06, 0.26, 0.23)
(-0.06, 0.26, 0.23)
(-0.06, 0.26, 0.23)
(-0.06, 0.26, 0.23)
(-0.06, 0.26, 0.22)
(-0.06, 0.26, 0.22)
(-0.06, 0.26, 0.22)
(-0.06, 0.26, 0.22)
(-0.06, 0.26, 0.22)
(-0.06, 0.26, 0.22)
(-0.06, 0.26, 0.22)
(-0.06, 0.26, 0.22)
(-0.06, 0.26, 0.22)
(-0.06, 0.26, 0.22)
(-0.06, 0.26, 0.22)
(-0.06, 0.26, 0.22)
(-0.06, 0.26, 0.22)
(-0.06, 0.26, 0.22)
(-0.06, 0.26, 0.22)
(-0.06, 0.26, 0.22)
(-0.06, 0.26, 0.22)
(-0.06, 0.26, 0.22)
(-0.06, 0.26, 0.22)
(-0.06, 0.26, 0.22)
(-0.06, 0.26, 0.22)
(-0.06, 0.26, 0.22)
(-0.06, 0.26, 0.22)
(-0.06, 0.26, 0.22)
(-0.06, 0.26, 0.22)
(-0.06, 0.26, 0.22)
(-0.06, 0.26, 0.22)
(-0.06, 0.26, 0.22)
(-0.06, 0.26, 0.22)
(-0.06, 0.26, 0.22)
(-0.06, 0.26, 0.22)
(-0.06, 0.26, 0.22)
(-0.06, 0.26, 0.21)
(-0.06, 0.26, 0.21)
(-0.06, 0.26, 0.21)
(-0.06, 0.26, 0.21)
(-0.06, 0.26, 0.21)
(-0.06, 0.26, 0.21)
(-0.06, 0.27, 0.21)
(-0.06, 0.27, 0.21)
(-0.06, 0.27, 0.21)
(-0.06, 0.27, 0.21)
(-0.06, 0.27, 0.21)
(-0.06, 0.27, 0.21)
(-0.06, 0.27, 0.21)
(-0.06, 0.27, 0.21)
(-0.06, 0.27, 0.21)
(-0.06, 0.27, 0.21)
(-0.06, 0.27, 0.21)
(-0.05, 0.27, 0.21)
(-0.05, 0.27, 0.21)
(-0.05, 0.27, 0.21)
(-0.05, 0.27, 0.21)
(-0.05, 0.27, 0.21)
(-0.05, 0.27, 0.21)
(-0.05, 0.27, 0.21)
(-0.05, 0.27, 0.21)
(-0.05, 0.27, 0.21)
(-0.05, 0.27, 0.21)
(-0.05, 0.27, 0.21)
(-0.05, 0.27, 0.21)
(-0.05, 0.27, 0.21)
(-0.05, 0.27, 0.21)
(-0.05, 0.27, 0.20)
(-0.05, 0.27, 0.20)
(-0.05, 0.27, 0.20)
(-0.05, 0.27, 0.20)
(-0.05, 0.27, 0.20)
(-0.05, 0.27, 0.20)
(-0.05, 0.27, 0.20)
(-0.05, 0.27, 0.20)
(-0.05, 0.27, 0.20)
(-0.05, 0.27, 0.20)
(-0.05, 0.27, 0.20)
(-0.05, 0.27, 0.20)
(-0.05, 0.27, 0.20)
(-0.05, 0.27, 0.20)
(-0.05, 0.27, 0.20)
(-0.05, 0.27, 0.20)
(-0.05, 0.27, 0.20)
(-0.05, 0.27, 0.20)
(-0.05, 0.27, 0.20)
(-0.05, 0.27, 0.20)
(-0.05, 0.27, 0.20)
(-0.05, 0.27, 0.20)
(-0.05, 0.27, 0.20)
(-0.05, 0.27, 0.20)
(-0.05, 0.27, 0.20)
(-0.05, 0.27, 0.20)
(-0.05, 0.27, 0.20)
(-0.05, 0.27, 0.20)
(-0.05, 0.27, 0.20)
(-0.05, 0.27, 0.20)
(-0.05, 0.27, 0.19)
(-0.05, 0.27, 0.19)
(-0.05, 0.27, 0.19)
(-0.05, 0.27, 0.19)
(-0.05, 0.27, 0.19)
(-0.05, 0.27, 0.19)
(-0.05, 0.27, 0.19)
(-0.05, 0.27, 0.19)
(-0.05, 0.27, 0.19)
(-0.05, 0.27, 0.19)
(-0.05, 0.27, 0.19)
(-0.05, 0.27, 0.19)
(-0.05, 0.27, 0.19)
(-0.05, 0.27, 0.19)
(-0.05, 0.27, 0.19)
(-0.04, 0.27, 0.19)
(-0.04, 0.27, 0.19)
(-0.04, 0.27, 0.19)
(-0.04, 0.27, 0.19)
(-0.04, 0.27, 0.19)
(-0.04, 0.27, 0.19)
(-0.04, 0.28, 0.19)
(-0.04, 0.28, 0.19)
(-0.04, 0.28, 0.19)
(-0.04, 0.28, 0.19)
(-0.04, 0.28, 0.19)
(-0.04, 0.28, 0.19)
(-0.04, 0.28, 0.19)
(-0.04, 0.28, 0.19)
(-0.04, 0.28, 0.18)
(-0.04, 0.28, 0.18)
(-0.04, 0.28, 0.18)
(-0.04, 0.28, 0.18)
(-0.04, 0.28, 0.18)
(-0.04, 0.28, 0.18)
(-0.04, 0.28, 0.18)
(-0.04, 0.28, 0.18)
(-0.04, 0.28, 0.18)
(-0.04, 0.28, 0.18)
(-0.04, 0.28, 0.18)
(-0.04, 0.28, 0.18)
(-0.04, 0.28, 0.18)
(-0.04, 0.28, 0.18)
(-0.04, 0.28, 0.18)
(-0.04, 0.28, 0.18)
(-0.04, 0.28, 0.18)
(-0.04, 0.28, 0.18)
(-0.04, 0.28, 0.18)
(-0.04, 0.28, 0.18)
(-0.04, 0.28, 0.18)
(-0.04, 0.28, 0.18)
(-0.04, 0.28, 0.18)
(-0.04, 0.28, 0.18)
(-0.04, 0.28, 0.18)
(-0.04, 0.28, 0.18)
(-0.04, 0.28, 0.18)
(-0.04, 0.28, 0.18)
(-0.04, 0.28, 0.17)
(-0.04, 0.28, 0.17)
(-0.04, 0.28, 0.17)
(-0.04, 0.28, 0.17)
(-0.04, 0.28, 0.17)
(-0.04, 0.28, 0.17)
(-0.04, 0.28, 0.17)
(-0.04, 0.28, 0.17)
(-0.04, 0.28, 0.17)
(-0.04, 0.28, 0.17)
(-0.04, 0.28, 0.17)
(-0.04, 0.28, 0.17)
(-0.04, 0.28, 0.17)
(-0.04, 0.28, 0.17)
(-0.04, 0.28, 0.17)
(-0.04, 0.28, 0.17)
(-0.04, 0.28, 0.17)
(-0.03, 0.28, 0.17)
(-0.03, 0.28, 0.17)
(-0.03, 0.28, 0.17)
(-0.03, 0.28, 0.17)
(-0.03, 0.28, 0.17)
(-0.03, 0.28, 0.17)
(-0.03, 0.28, 0.17)
(-0.03, 0.28, 0.17)
(-0.03, 0.28, 0.17)
(-0.03, 0.28, 0.17)
(-0.03, 0.28, 0.16)
(-0.03, 0.28, 0.16)
(-0.03, 0.28, 0.16)
(-0.03, 0.28, 0.16)
(-0.03, 0.28, 0.16)
(-0.03, 0.28, 0.16)
(-0.03, 0.28, 0.16)
(-0.03, 0.28, 0.16)
(-0.03, 0.28, 0.16)
(-0.03, 0.28, 0.16)
(-0.03, 0.28, 0.16)
(-0.03, 0.28, 0.16)
(-0.03, 0.28, 0.16)
(-0.03, 0.28, 0.16)
(-0.03, 0.28, 0.16)
(-0.03, 0.28, 0.16)
(-0.03, 0.28, 0.16)
(-0.03, 0.28, 0.16)
(-0.03, 0.28, 0.16)
(-0.03, 0.28, 0.16)
(-0.03, 0.28, 0.16)
(-0.03, 0.28, 0.16)
(-0.03, 0.28, 0.16)
(-0.03, 0.28, 0.16)
(-0.03, 0.28, 0.16)
(-0.03, 0.28, 0.16)
(-0.03, 0.28, 0.16)
(-0.03, 0.28, 0.15)
(-0.03, 0.28, 0.15)
(-0.03, 0.28, 0.15)
(-0.03, 0.28, 0.15)
(-0.03, 0.28, 0.15)
(-0.03, 0.29, 0.15)
(-0.03, 0.29, 0.15)
(-0.03, 0.29, 0.15)
(-0.03, 0.29, 0.15)
(-0.03, 0.29, 0.15)
(-0.03, 0.29, 0.15)
(-0.03, 0.29, 0.15)
(-0.03, 0.29, 0.15)
(-0.03, 0.29, 0.15)
(-0.03, 0.29, 0.15)
(-0.03, 0.29, 0.15)
(-0.03, 0.29, 0.15)
(-0.03, 0.29, 0.15)
(-0.03, 0.29, 0.15)
(-0.03, 0.29, 0.15)
(-0.03, 0.29, 0.15)
(-0.03, 0.29, 0.15)
(-0.02, 0.29, 0.15)
(-0.02, 0.29, 0.15)
(-0.02, 0.29, 0.15)
(-0.02, 0.29, 0.15)
(-0.02, 0.29, 0.14)
(-0.02, 0.29, 0.14)
(-0.02, 0.29, 0.14)
(-0.02, 0.29, 0.14)
(-0.02, 0.29, 0.14)
(-0.02, 0.29, 0.14)
(-0.02, 0.29, 0.14)
(-0.02, 0.29, 0.14)
(-0.02, 0.29, 0.14)
(-0.02, 0.29, 0.14)
(-0.02, 0.29, 0.14)
(-0.02, 0.29, 0.14)
(-0.02, 0.29, 0.14)
(-0.02, 0.29, 0.14)
(-0.02, 0.29, 0.14)
(-0.02, 0.29, 0.14)
(-0.02, 0.29, 0.14)
(-0.02, 0.29, 0.14)
(-0.02, 0.29, 0.14)
(-0.02, 0.29, 0.14)
(-0.02, 0.29, 0.14)
(-0.02, 0.29, 0.14)
(-0.02, 0.29, 0.14)
(-0.02, 0.29, 0.14)
(-0.02, 0.29, 0.14)
(-0.02, 0.29, 0.14)
(-0.02, 0.29, 0.13)
(-0.02, 0.29, 0.13)
(-0.02, 0.29, 0.13)
(-0.02, 0.29, 0.13)
(-0.02, 0.29, 0.13)
(-0.02, 0.29, 0.13)
(-0.02, 0.29, 0.13)
(-0.02, 0.29, 0.13)
(-0.02, 0.29, 0.13)
(-0.02, 0.29, 0.13)
(-0.02, 0.29, 0.13)
(-0.02, 0.29, 0.13)
(-0.02, 0.29, 0.13)
(-0.02, 0.29, 0.13)
(-0.02, 0.29, 0.13)
(-0.02, 0.29, 0.13)
(-0.02, 0.29, 0.13)
(-0.02, 0.29, 0.13)
(-0.02, 0.29, 0.13)
(-0.02, 0.29, 0.13)
(-0.02, 0.29, 0.13)
(-0.02, 0.29, 0.13)
(-0.02, 0.29, 0.13)
(-0.02, 0.29, 0.13)
(-0.02, 0.29, 0.13)
(-0.02, 0.29, 0.12)
(-0.02, 0.29, 0.12)
(-0.02, 0.29, 0.12)
(-0.01, 0.29, 0.12)
(-0.01, 0.29, 0.12)
(-0.01, 0.29, 0.12)
(-0.01, 0.29, 0.12)
(-0.01, 0.29, 0.12)
(-0.01, 0.29, 0.12)
(-0.01, 0.29, 0.12)
(-0.01, 0.29, 0.12)
(-0.01, 0.29, 0.12)
(-0.01, 0.29, 0.12)
(-0.01, 0.29, 0.12)
(-0.01, 0.29, 0.12)
(-0.01, 0.29, 0.12)
(-0.01, 0.29, 0.12)
(-0.01, 0.29, 0.12)
(-0.01, 0.29, 0.12)
(-0.01, 0.29, 0.12)
(-0.01, 0.29, 0.12)
(-0.01, 0.29, 0.12)
(-0.01, 0.29, 0.12)
(-0.01, 0.29, 0.12)
(-0.01, 0.29, 0.12)
(-0.01, 0.29, 0.11)
(-0.01, 0.29, 0.11)
(-0.01, 0.29, 0.11)
(-0.01, 0.29, 0.11)
(-0.01, 0.29, 0.11)
(-0.01, 0.29, 0.11)
(-0.01, 0.29, 0.11)
(-0.01, 0.29, 0.11)
(-0.01, 0.29, 0.11)
(-0.01, 0.29, 0.11)
(-0.01, 0.29, 0.11)
(-0.01, 0.29, 0.11)
(-0.01, 0.29, 0.11)
(-0.01, 0.29, 0.11)
(-0.01, 0.29, 0.11)
(-0.01, 0.29, 0.11)
(-0.01, 0.29, 0.11)
(-0.01, 0.29, 0.11)
(-0.01, 0.29, 0.11)
(-0.01, 0.29, 0.11)
(-0.01, 0.29, 0.11)
(-0.01, 0.29, 0.11)
(-0.01, 0.29, 0.11)
(-0.01, 0.29, 0.11)
(-0.01, 0.29, 0.10)
(-0.01, 0.29, 0.10)
(-0.01, 0.29, 0.10)
(-0.01, 0.29, 0.10)
(-0.01, 0.29, 0.10)
(-0.01, 0.29, 0.10)
(-0.01, 0.29, 0.10)
(-0.01, 0.29, 0.10)
(-0.01, 0.29, 0.10)
(-0.01, 0.29, 0.10)
(-0.01, 0.29, 0.10)
(-0.01, 0.29, 0.10)
(-0.01, 0.29, 0.10)
(0.00, 0.29, 0.10)
(0.00, 0.29, 0.10)
(0.00, 0.29, 0.10)
(0.00, 0.29, 0.10)
(0.00, 0.29, 0.10)
(0.00, 0.29, 0.10)
(0.00, 0.29, 0.10)
(0.00, 0.29, 0.10)
(0.00, 0.29, 0.10)
(0.00, 0.29, 0.10)
(0.00, 0.29, 0.10)
(0.00, 0.29, 0.10)
(0.00, 0.29, 0.09)
(0.00, 0.29, 0.09)
(0.00, 0.29, 0.09)
(0.00, 0.29, 0.09)
(0.00, 0.29, 0.09)
(0.00, 0.29, 0.09)
(0.00, 0.29, 0.09)
(0.00, 0.29, 0.09)
(0.00, 0.29, 0.09)
(0.00, 0.29, 0.09)
(0.00, 0.29, 0.09)
(0.00, 0.29, 0.09)
(0.00, 0.29, 0.09)
(0.00, 0.29, 0.09)
(0.00, 0.29, 0.09)
(0.00, 0.29, 0.09)
(0.00, 0.29, 0.09)
(0.00, 0.29, 0.09)
(0.00, 0.29, 0.09)
(0.00, 0.29, 0.09)
(0.00, 0.30, 0.09)
(0.00, 0.30, 0.09)
(0.00, 0.30, 0.09)
(0.00, 0.30, 0.09)
(0.00, 0.30, 0.08)
(0.00, 0.30, 0.08)
(0.00, 0.30, 0.08)
(0.00, 0.30, 0.08)
(0.00, 0.30, 0.08)
(0.00, 0.30, 0.08)
(0.00, 0.30, 0.08)
(0.00, 0.30, 0.08)
(0.00, 0.30, 0.08)
(0.00, 0.30, 0.08)
(0.00, 0.30, 0.08)
(0.00, 0.30, 0.08)
(0.00, 0.30, 0.08)
(0.00, 0.30, 0.08)
(0.00, 0.30, 0.08)
(0.00, 0.30, 0.08)
(0.00, 0.30, 0.08)
(0.00, 0.30, 0.08)
(0.00, 0.30, 0.08)
(0.00, 0.30, 0.08)
(0.00, 0.30, 0.08)
(0.00, 0.30, 0.08)
(0.00, 0.30, 0.08)
(0.01, 0.30, 0.08)
(0.01, 0.30, 0.07)
(0.01, 0.30, 0.07)
(0.01, 0.30, 0.07)
(0.01, 0.30, 0.07)
(0.01, 0.30, 0.07)
(0.01, 0.30, 0.07)
(0.01, 0.30, 0.07)
(0.01, 0.30, 0.07)
(0.01, 0.30, 0.07)
(0.01, 0.30, 0.07)
(0.01, 0.30, 0.07)
(0.01, 0.30, 0.07)
(0.01, 0.30, 0.07)
(0.01, 0.30, 0.07)
(0.01, 0.30, 0.07)
(0.01, 0.30, 0.07)
(0.01, 0.30, 0.07)
(0.01, 0.30, 0.07)
(0.01, 0.30, 0.07)
(0.01, 0.30, 0.07)
(0.01, 0.30, 0.07)
(0.01, 0.30, 0.07)
(0.01, 0.30, 0.07)
(0.01, 0.30, 0.07)
(0.01, 0.30, 0.06)
(0.01, 0.30, 0.06)
(0.01, 0.30, 0.06)
(0.01, 0.30, 0.06)
(0.01, 0.30, 0.06)
(0.01, 0.30, 0.06)
(0.01, 0.30, 0.06)
(0.01, 0.30, 0.06)
(0.01, 0.30, 0.06)
(0.01, 0.30, 0.06)
(0.01, 0.30, 0.06)
(0.01, 0.30, 0.06)
(0.01, 0.30, 0.06)
(0.01, 0.30, 0.06)
(0.01, 0.30, 0.06)
(0.01, 0.30, 0.06)
(0.01, 0.30, 0.06)
(0.01, 0.30, 0.06)
(0.01, 0.30, 0.06)
(0.01, 0.30, 0.06)
(0.01, 0.30, 0.06)
(0.01, 0.30, 0.06)
(0.01, 0.30, 0.06)
(0.01, 0.30, 0.06)
(0.01, 0.30, 0.05)
(0.01, 0.30, 0.05)
(0.01, 0.30, 0.05)
(0.01, 0.30, 0.05)
(0.01, 0.30, 0.05)
(0.01, 0.30, 0.05)
(0.01, 0.30, 0.05)
(0.01, 0.30, 0.05)
(0.01, 0.30, 0.05)
(0.01, 0.30, 0.05)
(0.01, 0.30, 0.05)
(0.02, 0.30, 0.05)
(0.02, 0.30, 0.05)
(0.02, 0.30, 0.05)
(0.02, 0.30, 0.05)
(0.02, 0.30, 0.05)
(0.02, 0.30, 0.05)
(0.02, 0.30, 0.05)
(0.02, 0.30, 0.05)
(0.02, 0.30, 0.05)
(0.02, 0.30, 0.05)
(0.02, 0.30, 0.05)
(0.02, 0.30, 0.05)
(0.02, 0.30, 0.05)
(0.02, 0.30, 0.04)
(0.02, 0.30, 0.04)
(0.02, 0.30, 0.04)
(0.02, 0.30, 0.04)
(0.02, 0.30, 0.04)
(0.02, 0.30, 0.04)
(0.02, 0.30, 0.04)
(0.02, 0.30, 0.04)
(0.02, 0.30, 0.04)
(0.02, 0.30, 0.04)
(0.02, 0.30, 0.04)
(0.02, 0.30, 0.04)
(0.02, 0.30, 0.04)
(0.02, 0.30, 0.04)
(0.02, 0.30, 0.04)
(0.02, 0.30, 0.04)
(0.02, 0.30, 0.04)
(0.02, 0.30, 0.04)
(0.02, 0.30, 0.04)
(0.02, 0.30, 0.04)
(0.02, 0.30, 0.04)
(0.02, 0.30, 0.04)
(0.02, 0.30, 0.04)
(0.02, 0.30, 0.04)
(0.02, 0.30, 0.03)
(0.02, 0.30, 0.03)
(0.02, 0.30, 0.03)
(0.02, 0.30, 0.03)
(0.02, 0.30, 0.03)
(0.02, 0.30, 0.03)
(0.02, 0.30, 0.03)
(0.02, 0.30, 0.03)
(0.02, 0.30, 0.03)
(0.02, 0.30, 0.03)
(0.02, 0.30, 0.03)
(0.02, 0.30, 0.03)
(0.02, 0.30, 0.03)
(0.02, 0.30, 0.03)
(0.02, 0.30, 0.03)
(0.02, 0.30, 0.03)
(0.02, 0.30, 0.03)
(0.02, 0.30, 0.03)
(0.02, 0.30, 0.03)
(0.02, 0.30, 0.03)
(0.02, 0.30, 0.03)
(0.02, 0.30, 0.03)
(0.03, 0.30, 0.03)
(0.03, 0.30, 0.03)
(0.03, 0.30, 0.02)
(0.03, 0.30, 0.02)
(0.03, 0.30, 0.02)
(0.03, 0.30, 0.02)
(0.03, 0.30, 0.02)
(0.03, 0.30, 0.02)
(0.03, 0.30, 0.02)
(0.03, 0.30, 0.02)
(0.03, 0.30, 0.02)
(0.03, 0.30, 0.02)
(0.03, 0.30, 0.02)
(0.03, 0.30, 0.02)
(0.03, 0.30, 0.02)
(0.03, 0.30, 0.02)
(0.03, 0.30, 0.02)
(0.03, 0.30, 0.02)
(0.03, 0.30, 0.02)
(0.03, 0.30, 0.02)
(0.03, 0.30, 0.02)
(0.03, 0.30, 0.02)
(0.03, 0.30, 0.02)
(0.03, 0.30, 0.02)
(0.03, 0.30, 0.02)
(0.03, 0.30, 0.01)
(0.03, 0.30, 0.01)
(0.03, 0.30, 0.01)
(0.03, 0.30, 0.01)
(0.03, 0.30, 0.01)
(0.03, 0.30, 0.01)
(0.03, 0.30, 0.01)
(0.03, 0.30, 0.01)
(0.03, 0.30, 0.01)
(0.03, 0.30, 0.01)
(0.03, 0.30, 0.01)
(0.03, 0.30, 0.01)
(0.03, 0.30, 0.01)
(0.03, 0.30, 0.01)
(0.03, 0.30, 0.01)
(0.03, 0.30, 0.01)
(0.03, 0.29, 0.01)
(0.03, 0.29, 0.01)
(0.03, 0.29, 0.01)
(0.03, 0.29, 0.01)
(0.03, 0.29, 0.01)
(0.03, 0.29, 0.01)
(0.03, 0.29, 0.01)
(0.03, 0.29, 0.01)
(0.03, 0.29, 0.00)
(0.03, 0.29, 0.00)
(0.03, 0.29, 0.00)
(0.03, 0.29, 0.00)
(0.03, 0.29, 0.00)
(0.03, 0.29, 0.00)
(0.03, 0.29, 0.00)
(0.03, 0.29, 0.00)
(0.03, 0.29, 0.00)
(0.03, 0.29, 0.00)
(0.03, 0.29, 0.00)
(0.04, 0.29, 0.00)
(0.04, 0.29, 0.00)
(0.04, 0.29, 0.00)
(0.04, 0.29, 0.00)
(0.04, 0.29, 0.00)
(0.04, 0.29, 0.00)
(0.04, 0.29, 0.00)
(0.04, 0.29, 0.00)
(0.04, 0.29, 0.00)
(0.04, 0.29, 0.00)
(0.04, 0.29, 0.00)
(0.04, 0.29, 0.00)
(0.04, 0.29, 0.00)
(0.04, 0.29, -0.01)
(0.04, 0.29, -0.01)
(0.04, 0.29, -0.01)
(0.04, 0.29, -0.01)
(0.04, 0.29, -0.01)
(0.04, 0.29, -0.01)
(0.04, 0.29, -0.01)
(0.04, 0.29, -0.01)
(0.04, 0.29, -0.01)
(0.04, 0.29, -0.01)
(0.04, 0.29, -0.01)
(0.04, 0.29, -0.01)
(0.04, 0.29, -0.01)
(0.04, 0.29, -0.01)
(0.04, 0.29, -0.01)
(0.04, 0.29, -0.01)
(0.04, 0.29, -0.01)
(0.04, 0.29, -0.01)
(0.04, 0.29, -0.01)
(0.04, 0.29, -0.01)
(0.04, 0.29, -0.01)
(0.04, 0.29, -0.01)
(0.04, 0.29, -0.01)
(0.04, 0.29, -0.01)
(0.04, 0.29, -0.01)
(0.04, 0.29, -0.02)
(0.04, 0.29, -0.02)
(0.04, 0.29, -0.02)
(0.04, 0.29, -0.02)
(0.04, 0.29, -0.02)
(0.04, 0.29, -0.02)
(0.04, 0.29, -0.02)
(0.04, 0.29, -0.02)
(0.04, 0.29, -0.02)
(0.04, 0.29, -0.02)
(0.04, 0.29, -0.02)
(0.04, 0.29, -0.02)
(0.04, 0.29, -0.02)
(0.04, 0.29, -0.02)
(0.04, 0.29, -0.02)
(0.04, 0.29, -0.02)
(0.04, 0.29, -0.02)
(0.04, 0.29, -0.02)
(0.04, 0.29, -0.02)
(0.04, 0.29, -0.02)
(0.04, 0.29, -0.02)
(0.04, 0.29, -0.02)
(0.05, 0.29, -0.02)
(0.05, 0.29, -0.02)
(0.05, 0.29, -0.03)
(0.05, 0.29, -0.03)
(0.05, 0.29, -0.03)
(0.05, 0.29, -0.03)
(0.05, 0.29, -0.03)
(0.05, 0.29, -0.03)
(0.05, 0.29, -0.03)
(0.05, 0.29, -0.03)
(0.05, 0.29, -0.03)
(0.05, 0.29, -0.03)
(0.05, 0.29, -0.03)
(0.05, 0.29, -0.03)
(0.05, 0.29, -0.03)
(0.05, 0.29, -0.03)
(0.05, 0.29, -0.03)
(0.05, 0.29, -0.03)
(0.05, 0.29, -0.03)
(0.05, 0.29, -0.03)
(0.05, 0.29, -0.03)
(0.05, 0.29, -0.03)
(0.05, 0.29, -0.03)
(0.05, 0.29, -0.03)
(0.05, 0.29, -0.03)
(0.05, 0.29, -0.03)
(0.05, 0.29, -0.04)
(0.05, 0.29, -0.04)
(0.05, 0.29, -0.04)
(0.05, 0.29, -0.04)
(0.05, 0.29, -0.04)
(0.05, 0.29, -0.04)
(0.05, 0.29, -0.04)
(0.05, 0.29, -0.04)
(0.05, 0.29, -0.04)
(0.05, 0.29, -0.04)
(0.05, 0.29, -0.04)
(0.05, 0.29, -0.04)
(0.05, 0.29, -0.04)
(0.05, 0.29, -0.04)
(0.05, 0.29, -0.04)
(0.05, 0.29, -0.04)
(0.05, 0.29, -0.04)
(0.05, 0.29, -0.04)
(0.05, 0.29, -0.04)
(0.05, 0.29, -0.04)
(0.05, 0.29, -0.04)
(0.05, 0.29, -0.04)
(0.05, 0.29, -0.04)
(0.05, 0.29, -0.04)
(0.05, 0.29, -0.04)
(0.05, 0.29, -0.05)
(0.05, 0.29, -0.05)
(0.05, 0.29, -0.05)
(0.05, 0.29, -0.05)
(0.05, 0.29, -0.05)
(0.05, 0.29, -0.05)
(0.05, 0.29, -0.05)
(0.05, 0.29, -0.05)
(0.05, 0.29, -0.05)
(0.05, 0.29, -0.05)
(0.06, 0.29, -0.05)
(0.06, 0.29, -0.05)
(0.06, 0.29, -0.05)
(0.06, 0.29, -0.05)
(0.06, 0.29, -0.05)
(0.06, 0.29, -0.05)
(0.06, 0.29, -0.05)
(0.06, 0.29, -0.05)
(0.06, 0.29, -0.05)
(0.06, 0.29, -0.05)
(0.06, 0.29, -0.05)
(0.06, 0.29, -0.05)
(0.06, 0.29, -0.05)
(0.06, 0.29, -0.05)
(0.06, 0.29, -0.05)
(0.06, 0.29, -0.06)
(0.06, 0.29, -0.06)
(0.06, 0.29, -0.06)
(0.06, 0.29, -0.06)
(0.06, 0.29, -0.06)
(0.06, 0.29, -0.06)
(0.06, 0.29, -0.06)
(0.06, 0.29, -0.06)
(0.06, 0.29, -0.06)
(0.06, 0.29, -0.06)
(0.06, 0.29, -0.06)
(0.06, 0.29, -0.06)
(0.06, 0.29, -0.06)
(0.06, 0.29, -0.06)
(0.06, 0.28, -0.06)
(0.06, 0.28, -0.06)
(0.06, 0.28, -0.06)
(0.06, 0.28, -0.06)
(0.06, 0.28, -0.06)
(0.06, 0.28, -0.06)
(0.06, 0.28, -0.06)
(0.06, 0.28, -0.06)
(0.06, 0.28, -0.06)
(0.06, 0.28, -0.06)
(0.06, 0.28, -0.06)
(0.06, 0.28, -0.07)
(0.06, 0.28, -0.07)
(0.06, 0.28, -0.07)
(0.06, 0.28, -0.07)
(0.06, 0.28, -0.07)
(0.06, 0.28, -0.07)
(0.06, 0.28, -0.07)
(0.06, 0.28, -0.07)
(0.06, 0.28, -0.07)
(0.06, 0.28, -0.07)
(0.06, 0.28, -0.07)
(0.06, 0.28, -0.07)
(0.06, 0.28, -0.07)
(0.06, 0.28, -0.07)
(0.06, 0.28, -0.07)
(0.06, 0.28, -0.07)
(0.06, 0.28, -0.07)
(0.06, 0.28, -0.07)
(0.06, 0.28, -0.07)
(0.06, 0.28, -0.07)
(0.06, 0.28, -0.07)
(0.07, 0.28, -0.07)
(0.07, 0.28, -0.07)
(0.07, 0.28, -0.07)
(0.07, 0.28, -0.07)
(0.07, 0.28, -0.08)
(0.07, 0.28, -0.08)
(0.07, 0.28, -0.08)
(0.07, 0.28, -0.08)
(0.07, 0.28, -0.08)
(0.07, 0.28, -0.08)
(0.07, 0.28, -0.08)
(0.07, 0.28, -0.08)
(0.07, 0.28, -0.08)
(0.07, 0.28, -0.08)
(0.07, 0.28, -0.08)
(0.07, 0.28, -0.08)
(0.07, 0.28, -0.08)
(0.07, 0.28, -0.08)
(0.07, 0.28, -0.08)
(0.07, 0.28, -0.08)
(0.07, 0.28, -0.08)
(0.07, 0.28, -0.08)
(0.07, 0.28, -0.08)
(0.07, 0.28, -0.08)
(0.07, 0.28, -0.08)
(0.07, 0.28, -0.08)
(0.07, 0.28, -0.08)
(0.07, 0.28, -0.08)
(0.07, 0.28, -0.08)
(0.07, 0.28, -0.08)
(0.07, 0.28, -0.09)
(0.07, 0.28, -0.09)
(0.07, 0.28, -0.09)
(0.07, 0.28, -0.09)
(0.07, 0.28, -0.09)
(0.07, 0.28, -0.09)
(0.07, 0.28, -0.09)
(0.07, 0.28, -0.09)
(0.07, 0.28, -0.09)
(0.07, 0.28, -0.09)
(0.07, 0.28, -0.09)
(0.07, 0.28, -0.09)
(0.07, 0.28, -0.09)
(0.07, 0.28, -0.09)
(0.07, 0.28, -0.09)
(0.07, 0.28, -0.09)
(0.07, 0.28, -0.09)
(0.07, 0.28, -0.09)
(0.07, 0.28, -0.09)
(0.07, 0.28, -0.09)
(0.07, 0.28, -0.09)
(0.07, 0.28, -0.09)
(0.07, 0.28, -0.09)
(0.07, 0.28, -0.09)
(0.07, 0.28, -0.09)
(0.07, 0.28, -0.09)
(0.07, 0.28, -0.10)
(0.07, 0.28, -0.10)
(0.07, 0.28, -0.10)
(0.07, 0.28, -0.10)
(0.07, 0.28, -0.10)
(0.07, 0.28, -0.10)
(0.08, 0.28, -0.10)
(0.08, 0.28, -0.10)
(0.08, 0.28, -0.10)
(0.08, 0.28, -0.10)
(0.08, 0.27, -0.10)
(0.08, 0.27, -0.10)
(0.08, 0.27, -0.10)
(0.08, 0.27, -0.10)
(0.08, 0.27, -0.10)
(0.08, 0.27, -0.10)
(0.08, 0.27, -0.10)
(0.08, 0.27, -0.10)
(0.08, 0.27, -0.10)
(0.08, 0.27, -0.10)
(0.08, 0.27, -0.10)
(0.08, 0.27, -0.10)
(0.08, 0.27, -0.10)
(0.08, 0.27, -0.10)
(0.08, 0.27, -0.10)
(0.08, 0.27, -0.10)
(0.08, 0.27, -0.11)
(0.08, 0.27, -0.11)
(0.08, 0.27, -0.11)
(0.08, 0.27, -0.11)
(0.08, 0.27, -0.11)
(0.08, 0.27, -0.11)
(0.08, 0.27, -0.11)
(0.08, 0.27, -0.11)
(0.08, 0.27, -0.11)
(0.08, 0.27, -0.11)
(0.08, 0.27, -0.11)
(0.08, 0.27, -0.11)
(0.08, 0.27, -0.11)
(0.08, 0.27, -0.11)
(0.08, 0.27, -0.11)
(0.08, 0.27, -0.11)
(0.08, 0.27, -0.11)
(0.08, 0.27, -0.11)
(0.08, 0.27, -0.11)
(0.08, 0.27, -0.11)
(0.08, 0.27, -0.11)
(0.08, 0.27, -0.11)
(0.08, 0.27, -0.11)
(0.08, 0.27, -0.11)
(0.08, 0.27, -0.11)
(0.08, 0.27, -0.11)
(0.08, 0.27, -0.11)
(0.08, 0.27, -0.12)
(0.08, 0.27, -0.12)
(0.08, 0.27, -0.12)
(0.08, 0.27, -0.12)
(0.08, 0.27, -0.12)
(0.08, 0.27, -0.12)
(0.08, 0.27, -0.12)
(0.08, 0.27, -0.12)
(0.08, 0.27, -0.12)
(0.08, 0.27, -0.12)
(0.08, 0.27, -0.12)
(0.08, 0.27, -0.12)
(0.08, 0.27, -0.12)
(0.08, 0.27, -0.12)
(0.08, 0.27, -0.12)
(0.09, 0.27, -0.12)
(0.09, 0.27, -0.12)
(0.09, 0.27, -0.12)
(0.09, 0.27, -0.12)
(0.09, 0.27, -0.12)
(0.09, 0.27, -0.12)
(0.09, 0.27, -0.12)
(0.09, 0.27, -0.12)
(0.09, 0.27, -0.12)
(0.09, 0.27, -0.12)
(0.09, 0.27, -0.12)
(0.09, 0.27, -0.13)
(0.09, 0.27, -0.13)
(0.09, 0.27, -0.13)
(0.09, 0.27, -0.13)
(0.09, 0.27, -0.13)
(0.09, 0.27, -0.13)
(0.09, 0.27, -0.13)
(0.09, 0.27, -0.13)
(0.09, 0.27, -0.13)
(0.09, 0.26, -0.13)
(0.09, 0.26, -0.13)
(0.09, 0.26, -0.13)
(0.09, 0.26, -0.13)
(0.09, 0.26, -0.13)
(0.09, 0.26, -0.13)
(0.09, 0.26, -0.13)
(0.09, 0.26, -0.13)
(0.09, 0.26, -0.13)
(0.09, 0.26, -0.13)
(0.09, 0.26, -0.13)
(0.09, 0.26, -0.13)
(0.09, 0.26, -0.13)
(0.09, 0.26, -0.13)
(0.09, 0.26, -0.13)
(0.09, 0.26, -0.13)
(0.09, 0.26, -0.13)
(0.09, 0.26, -0.13)
(0.09, 0.26, -0.14)
(0.09, 0.26, -0.14)
(0.09, 0.26, -0.14)
(0.09, 0.26, -0.14)
(0.09, 0.26, -0.14)
(0.09, 0.26, -0.14)
(0.09, 0.26, -0.14)
(0.09, 0.26, -0.14)
(0.09, 0.26, -0.14)
(0.09, 0.26, -0.14)
(0.09, 0.26, -0.14)
(0.09, 0.26, -0.14)
(0.09, 0.26, -0.14)
(0.09, 0.26, -0.14)
(0.09, 0.26, -0.14)
(0.09, 0.26, -0.14)
(0.09, 0.26, -0.14)
(0.09, 0.26, -0.14)
(0.09, 0.26, -0.14)
(0.09, 0.26, -0.14)
(0.09, 0.26, -0.14)
(0.09, 0.26, -0.14)
(0.09, 0.26, -0.14)
(0.09, 0.26, -0.14)
(0.09, 0.26, -0.14)
(0.10, 0.26, -0.14)
(0.10, 0.26, -0.14)
(0.10, 0.26, -0.14)
(0.10, 0.26, -0.15)
(0.10, 0.26, -0.15)
(0.10, 0.26, -0.15)
(0.10, 0.26, -0.15)
(0.10, 0.26, -0.15)
(0.10, 0.26, -0.15)
(0.10, 0.26, -0.15)
(0.10, 0.26, -0.15)
(0.10, 0.26, -0.15)
(0.10, 0.26, -0.15)
(0.10, 0.26, -0.15)
(0.10, 0.26, -0.15)
(0.10, 0.26, -0.15)
(0.10, 0.26, -0.15)
(0.10, 0.26, -0.15)
(0.10, 0.26, -0.15)
(0.10, 0.26, -0.15)
(0.10, 0.26, -0.15)
(0.10, 0.26, -0.15)
(0.10, 0.26, -0.15)
(0.10, 0.26, -0.15)
(0.10, 0.26, -0.15)
(0.10, 0.25, -0.15)
(0.10, 0.25, -0.15)
(0.10, 0.25, -0.15)
(0.10, 0.25, -0.15)
(0.10, 0.25, -0.15)
(0.10, 0.25, -0.16)
(0.10, 0.25, -0.16)
(0.10, 0.25, -0.16)
(0.10, 0.25, -0.16)
(0.10, 0.25, -0.16)
(0.10, 0.25, -0.16)
(0.10, 0.25, -0.16)
(0.10, 0.25, -0.16)
(0.10, 0.25, -0.16)
(0.10, 0.25, -0.16)
(0.10, 0.25, -0.16)
(0.10, 0.25, -0.16)
(0.10, 0.25, -0.16)
(0.10, 0.25, -0.16)
(0.10, 0.25, -0.16)
(0.10, 0.25, -0.16)
(0.10, 0.25, -0.16)
(0.10, 0.25, -0.16)
(0.10, 0.25, -0.16)
(0.10, 0.25, -0.16)
(0.10, 0.25, -0.16)
(0.10, 0.25, -0.16)
(0.10, 0.25, -0.16)
(0.10, 0.25, -0.16)
(0.10, 0.25, -0.16)
(0.10, 0.25, -0.16)
(0.10, 0.25, -0.16)
(0.10, 0.25, -0.16)
(0.10, 0.25, -0.17)
(0.10, 0.25, -0.17)
(0.10, 0.25, -0.17)
(0.10, 0.25, -0.17)
(0.10, 0.25, -0.17)
(0.10, 0.25, -0.17)
(0.11, 0.25, -0.17)
(0.11, 0.25, -0.17)
(0.11, 0.25, -0.17)
(0.11, 0.25, -0.17)
(0.11, 0.25, -0.17)
(0.11, 0.25, -0.17)
(0.11, 0.25, -0.17)
(0.11, 0.25, -0.17)
(0.11, 0.25, -0.17)
(0.11, 0.25, -0.17)
(0.11, 0.25, -0.17)
(0.11, 0.25, -0.17)
(0.11, 0.25, -0.17)
(0.11, 0.25, -0.17)
(0.11, 0.25, -0.17)
(0.11, 0.25, -0.17)
(0.11, 0.25, -0.17)
(0.11, 0.25, -0.17)
(0.11, 0.25, -0.17)
(0.11, 0.25, -0.17)
(0.11, 0.25, -0.17)
(0.11, 0.24, -0.18)
(0.11, 0.24, -0.18)
(0.11, 0.24, -0.18)
(0.11, 0.24, -0.18)
(0.11, 0.24, -0.18)
(0.11, 0.24, -0.18)
(0.11, 0.24, -0.18)
(0.11, 0.24, -0.18)
(0.11, 0.24, -0.18)
(0.11, 0.24, -0.18)
(0.11, 0.24, -0.18)
(0.11, 0.24, -0.18)
(0.11, 0.24, -0.18)
(0.11, 0.24, -0.18)
(0.11, 0.24, -0.18)
(0.11, 0.24, -0.18)
(0.11, 0.24, -0.18)
(0.11, 0.24, -0.18)
(0.11, 0.24, -0.18)
(0.11, 0.24, -0.18)
(0.11, 0.24, -0.18)
(0.11, 0.24, -0.18)
(0.11, 0.24, -0.18)
(0.11, 0.24, -0.18)
(0.11, 0.24, -0.18)
(0.11, 0.24, -0.18)
(0.11, 0.24, -0.18)
(0.11, 0.24, -0.18)
(0.11, 0.24, -0.19)
(0.11, 0.24, -0.19)
(0.11, 0.24, -0.19)
(0.11, 0.24, -0.19)
(0.11, 0.24, -0.19)
(0.11, 0.24, -0.19)
(0.11, 0.24, -0.19)
(0.11, 0.24, -0.19)
(0.11, 0.24, -0.19)
(0.11, 0.24, -0.19)
(0.11, 0.24, -0.19)
(0.11, 0.24, -0.19)
(0.11, 0.24, -0.19)
(0.11, 0.24, -0.19)
(0.11, 0.24, -0.19)
(0.11, 0.24, -0.19)
(0.12, 0.24, -0.19)
(0.12, 0.24, -0.19)
(0.12, 0.24, -0.19)
(0.12, 0.24, -0.19)
(0.12, 0.24, -0.19)
(0.12, 0.24, -0.19)
(0.12, 0.24, -0.19)
(0.12, 0.24, -0.19)
(0.12, 0.24, -0.19)
(0.12, 0.24, -0.19)
(0.12, 0.24, -0.19)
(0.12, 0.23, -0.19)
(0.12, 0.23, -0.20)
(0.12, 0.23, -0.20)
(0.12, 0.23, -0.20)
(0.12, 0.23, -0.20)
(0.12, 0.23, -0.20)
(0.12, 0.23, -0.20)
(0.12, 0.23, -0.20)
(0.12, 0.23, -0.20)
(0.12, 0.23, -0.20)
(0.12, 0.23, -0.20)
(0.12, 0.23, -0.20)
(0.12, 0.23, -0.20)
(0.12, 0.23, -0.20)
(0.12, 0.23, -0.20)
(0.12, 0.23, -0.20)
(0.12, 0.23, -0.20)
(0.12, 0.23, -0.20)
(0.12, 0.23, -0.20)
(0.12, 0.23, -0.20)
(0.12, 0.23, -0.20)
(0.12, 0.23, -0.20)
(0.12, 0.23, -0.20)
(0.12, 0.23, -0.20)
(0.12, 0.23, -0.20)
(0.12, 0.23, -0.20)
(0.12, 0.23, -0.20)
(0.12, 0.23, -0.20)
(0.12, 0.23, -0.21)
(0.12, 0.23, -0.21)
(0.12, 0.23, -0.21)
(0.12, 0.23, -0.21)
(0.12, 0.23, -0.21)
(0.12, 0.23, -0.21)
(0.12, 0.23, -0.21)
(0.12, 0.23, -0.21)
(0.12, 0.23, -0.21)
(0.12, 0.23, -0.21)
(0.12, 0.23, -0.21)
(0.12, 0.23, -0.21)
(0.12, 0.23, -0.21)
(0.12, 0.23, -0.21)
(0.12, 0.23, -0.21)
(0.12, 0.23, -0.21)
(0.12, 0.23, -0.21)
(0.12, 0.23, -0.21)
(0.12, 0.23, -0.21)
(0.12, 0.23, -0.21)
(0.12, 0.23, -0.21)
(0.12, 0.23, -0.21)
(0.12, 0.23, -0.21)
(0.12, 0.23, -0.21)
(0.12, 0.22, -0.21)
(0.12, 0.22, -0.21)
(0.12, 0.22, -0.21)
(0.13, 0.22, -0.21)
(0.13, 0.22, -0.22)
(0.13, 0.22, -0.22)
(0.13, 0.22, -0.22)
(0.13, 0.22, -0.22)
(0.13, 0.22, -0.22)
(0.13, 0.22, -0.22)
(0.13, 0.22, -0.22)
(0.13, 0.22, -0.22)
(0.13, 0.22, -0.22)
(0.13, 0.22, -0.22)
(0.13, 0.22, -0.22)
(0.13, 0.22, -0.22)
(0.13, 0.22, -0.22)
(0.13, 0.22, -0.22)
(0.13, 0.22, -0.22)
(0.13, 0.22, -0.22)
(0.13, 0.22, -0.22)
(0.13, 0.22, -0.22)
(0.13, 0.22, -0.22)
(0.13, 0.22, -0.22)
(0.13, 0.22, -0.22)
(0.13, 0.22, -0.22)
(0.13, 0.22, -0.22)
(0.13, 0.22, -0.22)
(0.13, 0.22, -0.22)
(0.13, 0.22, -0.22)
(0.13, 0.22, -0.22)
(0.13, 0.22, -0.23)
(0.13, 0.22, -0.23)
(0.13, 0.22, -0.23)
(0.13, 0.22, -0.23)
(0.13, 0.22, -0.23)
(0.13, 0.22, -0.23)
(0.13, 0.22, -0.23)
(0.13, 0.22, -0.23)
(0.13, 0.22, -0.23)
(0.13, 0.22, -0.23)
(0.13, 0.22, -0.23)
(0.13, 0.22, -0.23)
(0.13, 0.22, -0.23)
(0.13, 0.22, -0.23)
(0.13, 0.22, -0.23)
(0.13, 0.22, -0.23)
(0.13, 0.22, -0.23)
(0.13, 0.22, -0.23)
(0.13, 0.21, -0.23)
(0.13, 0.21, -0.23)
(0.13, 0.21, -0.23)
(0.13, 0.21, -0.23)
(0.13, 0.21, -0.23)
(0.13, 0.21, -0.23)
(0.13, 0.21, -0.23)
(0.13, 0.21, -0.23)
(0.13, 0.21, -0.24)
(0.13, 0.21, -0.24)
(0.13, 0.21, -0.24)
(0.13, 0.21, -0.24)
(0.13, 0.21, -0.24)
(0.13, 0.21, -0.24)
(0.13, 0.21, -0.24)
(0.13, 0.21, -0.24)
(0.13, 0.21, -0.24)
(0.13, 0.21, -0.24)
(0.13, 0.21, -0.24)
(0.13, 0.21, -0.24)
(0.13, 0.21, -0.24)
(0.13, 0.21, -0.24)
(0.14, 0.21, -0.24)
(0.14, 0.21, -0.24)
(0.14, 0.21, -0.24)
(0.14, 0.21, -0.24)
(0.14, 0.21, -0.24)
(0.14, 0.21, -0.24)
(0.14, 0.21, -0.24)
(0.14, 0.21, -0.24)
(0.14, 0.21, -0.24)
(0.14, 0.21, -0.24)
(0.14, 0.21, -0.24)
(0.14, 0.21, -0.24)
(0.14, 0.21, -0.24)
(0.14, 0.21, -0.25)
(0.14, 0.21, -0.25)
(0.14, 0.21, -0.25)
(0.14, 0.21, -0.25)
(0.14, 0.21, -0.25)
(0.14, 0.21, -0.25)
(0.14, 0.21, -0.25)
(0.14, 0.21, -0.25)
(0.14, 0.21, -0.25)
(0.14, 0.21, -0.25)
(0.14, 0.21, -0.25)
(0.14, 0.21, -0.25)
(0.14, 0.20, -0.25)
(0.14, 0.20, -0.25)
(0.14, 0.20, -0.25)
(0.14, 0.20, -0.25)
(0.14, 0.20, -0.25)
(0.14, 0.20, -0.25)
(0.14, 0.20, -0.25)
(0.14, 0.20, -0.25)
(0.14, 0.20, -0.25)
(0.14, 0.20, -0.25)
(0.14, 0.20, -0.25)
(0.14, 0.20, -0.25)
(0.14, 0.20, -0.25)
(0.14, 0.20, -0.26)
(0.14, 0.20, -0.26)
(0.14, 0.20, -0.26)
(0.14, 0.20, -0.26)
(0.14, 0.20, -0.26)
(0.14, 0.20, -0.26)
(0.14, 0.20, -0.26)
(0.14, 0.20, -0.26)
(0.14, 0.20, -0.26)
(0.14, 0.20, -0.26)
(0.14, 0.20, -0.26)
(0.14, 0.20, -0.26)
(0.14, 0.20, -0.26)
(0.14, 0.20, -0.26)
(0.14, 0.20, -0.26)
(0.14, 0.20, -0.26)
(0.14, 0.20, -0.26)
(0.14, 0.20, -0.26)
(0.14, 0.20, -0.26)
(0.14, 0.20, -0.26)
(0.14, 0.20, -0.26)
(0.14, 0.20, -0.26)
(0.14, 0.20, -0.26)
(0.14, 0.20, -0.26)
(0.14, 0.20, -0.26)
(0.14, 0.20, -0.26)
(0.14, 0.20, -0.27)
(0.14, 0.20, -0.27)
(0.14, 0.20, -0.27)
(0.14, 0.20, -0.27)
(0.14, 0.20, -0.27)
(0.15, 0.20, -0.27)
(0.15, 0.19, -0.27)
(0.15, 0.19, -0.27)
(0.15, 0.19, -0.27)
(0.15, 0.19, -0.27)
(0.15, 0.19, -0.27)
(0.15, 0.19, -0.27)
(0.15, 0.19, -0.27)
(0.15, 0.19, -0.27)
(0.15, 0.19, -0.27)
(0.15, 0.19, -0.27)
(0.15, 0.19, -0.27)
(0.15, 0.19, -0.27)
(0.15, 0.19, -0.27)
(0.15, 0.19, -0.27)
(0.15, 0.19, -0.27)
(0.15, 0.19, -0.27)
(0.15, 0.19, -0.27)
(0.15, 0.19, -0.27)
(0.15, 0.19, -0.27)
(0.15, 0.19, -0.28)
(0.15, 0.19, -0.28)
(0.15, 0.19, -0.28)
(0.15, 0.19, -0.28)
(0.15, 0.19, -0.28)
(0.15, 0.19, -0.28)
(0.15, 0.19, -0.28)
(0.15, 0.19, -0.28)
(0.15, 0.19, -0.28)
(0.15, 0.19, -0.28)
(0.15, 0.19, -0.28)
(0.15, 0.19, -0.28)
(0.15, 0.19, -0.28)
(0.15, 0.19, -0.28)
(0.15, 0.19, -0.28)
(0.15, 0.19, -0.28)
(0.15, 0.19, -0.28)
(0.15, 0.19, -0.28)
(0.15, 0.19, -0.28)
(0.15, 0.19, -0.28)
(0.15, 0.19, -0.28)
(0.15, 0.19, -0.28)
(0.15, 0.19, -0.28)
(0.15, 0.19, -0.28)
(0.15, 0.18, -0.29)
(0.15, 0.18, -0.29)
(0.15, 0.18, -0.29)
(0.15, 0.18, -0.29)
(0.15, 0.18, -0.29)
(0.15, 0.18, -0.29)
(0.15, 0.18, -0.29)
(0.15, 0.18, -0.29)
(0.15, 0.18, -0.29)
(0.15, 0.18, -0.29)
(0.15, 0.18, -0.29)
(0.15, 0.18, -0.29)
(0.15, 0.18, -0.29)
(0.15, 0.18, -0.29)
(0.15, 0.18, -0.29)
(0.15, 0.18, -0.29)
(0.15, 0.18, -0.29)
(0.15, 0.18, -0.29)
(0.15, 0.18, -0.29)
(0.15, 0.18, -0.29)
(0.15, 0.18, -0.29)
(0.15, 0.18, -0.29)
(0.15, 0.18, -0.29)
(0.15, 0.18, -0.29)
(0.15, 0.18, -0.29)
(0.15, 0.18, -0.30)
(0.16, 0.18, -0.30)
(0.16, 0.18, -0.30)
(0.16, 0.18, -0.30)
(0.16, 0.18, -0.30)
(0.16, 0.18, -0.30)
(0.16, 0.18, -0.30)
(0.16, 0.18, -0.30)
(0.16, 0.18, -0.30)
(0.16, 0.18, -0.30)
(0.16, 0.18, -0.30)
(0.16, 0.18, -0.30)
(0.16, 0.18, -0.30)
(0.16, 0.18, -0.30)
(0.16, 0.18, -0.30)
(0.16, 0.18, -0.30)
(0.16, 0.18, -0.30)
(0.16, 0.17, -0.30)
(0.16, 0.17, -0.30)
(0.16, 0.17, -0.30)
(0.16, 0.17, -0.30)
(0.16, 0.17, -0.30)
(0.16, 0.17, -0.30)
(0.16, 0.17, -0.30)
(0.16, 0.17, -0.31)
(0.16, 0.17, -0.31)
(0.16, 0.17, -0.31)
(0.16, 0.17, -0.31)
(0.16, 0.17, -0.31)
(0.16, 0.17, -0.31)
(0.16, 0.17, -0.31)
(0.16, 0.17, -0.31)
(0.16, 0.17, -0.31)
(0.16, 0.17, -0.31)
(0.16, 0.17, -0.31)
(0.16, 0.17, -0.31)
(0.16, 0.17, -0.31)
(0.16, 0.17, -0.31)
(0.16, 0.17, -0.31)
(0.16, 0.17, -0.31)
(0.16, 0.17, -0.31)
(0.16, 0.17, -0.31)
(0.16, 0.17, -0.31)
(0.16, 0.17, -0.31)
(0.16, 0.17, -0.31)
(0.16, 0.17, -0.31)
(0.16, 0.17, -0.31)
(0.16, 0.17, -0.32)
(0.16, 0.17, -0.32)
(0.16, 0.17, -0.32)
(0.16, 0.17, -0.32)
(0.16, 0.17, -0.32)
(0.16, 0.17, -0.32)
(0.16, 0.17, -0.32)
(0.16, 0.17, -0.32)
(0.16, 0.17, -0.32)
(0.16, 0.17, -0.32)
(0.16, 0.17, -0.32)
(0.16, 0.16, -0.32)
(0.16, 0.16, -0.32)
(0.16, 0.16, -0.32)
(0.16, 0.16, -0.32)
(0.16, 0.16, -0.32)
(0.16, 0.16, -0.32)
(0.16, 0.16, -0.32)
(0.16, 0.16, -0.32)
(0.16, 0.16, -0.32)
(0.16, 0.16, -0.32)
(0.16, 0.16, -0.32)
(0.16, 0.16, -0.32)
(0.16, 0.16, -0.33)
(0.16, 0.16, -0.33)
(0.16, 0.16, -0.33)
(0.17, 0.16, -0.33)
(0.17, 0.16, -0.33)
(0.17, 0.16, -0.33)
(0.17, 0.16, -0.33)
(0.17, 0.16, -0.33)
(0.17, 0.16, -0.33)
(0.17, 0.16, -0.33)
(0.17, 0.16, -0.33)
(0.17, 0.16, -0.33)
(0.17, 0.16, -0.33)
(0.17, 0.16, -0.33)
(0.17, 0.16, -0.33)
(0.17, 0.16, -0.33)
(0.17, 0.16, -0.33)
(0.17, 0.16, -0.33)
(0.17, 0.16, -0.33)
(0.17, 0.16, -0.33)
(0.17, 0.16, -0.33)
(0.17, 0.16, -0.33)
(0.17, 0.16, -0.33)
(0.17, 0.16, -0.34)
(0.17, 0.16, -0.34)
(0.17, 0.16, -0.34)
(0.17, 0.16, -0.34)
(0.17, 0.16, -0.34)
(0.17, 0.15, -0.34)
(0.17, 0.15, -0.34)
(0.17, 0.15, -0.34)
(0.17, 0.15, -0.34)
(0.17, 0.15, -0.34)
(0.17, 0.15, -0.34)
(0.17, 0.15, -0.34)
(0.17, 0.15, -0.34)
(0.17, 0.15, -0.34)
(0.17, 0.15, -0.34)
(0.17, 0.15, -0.34)
(0.17, 0.15, -0.34)
(0.17, 0.15, -0.34)
(0.17, 0.15, -0.34)
(0.17, 0.15, -0.34)
(0.17, 0.15, -0.34)
(0.17, 0.15, -0.34)
(0.17, 0.15, -0.34)
(0.17, 0.15, -0.35)
(0.17, 0.15, -0.35)
(0.17, 0.15, -0.35)
(0.17, 0.15, -0.35)
(0.17, 0.15, -0.35)
(0.17, 0.15, -0.35)
(0.17, 0.15, -0.35)
(0.17, 0.15, -0.35)
(0.17, 0.15, -0.35)
(0.17, 0.15, -0.35)
(0.17, 0.15, -0.35)
(0.17, 0.15, -0.35)
(0.17, 0.15, -0.35)
(0.17, 0.15, -0.35)
(0.17, 0.15, -0.35)
(0.17, 0.15, -0.35)
(0.17, 0.15, -0.35)
(0.17, 0.15, -0.35)
(0.17, 0.15, -0.35)
(0.17, 0.15, -0.35)
(0.17, 0.15, -0.35)
(0.17, 0.14, -0.35)
(0.17, 0.14, -0.36)
(0.17, 0.14, -0.36)
(0.17, 0.14, -0.36)
(0.17, 0.14, -0.36)
(0.17, 0.14, -0.36)
(0.17, 0.14, -0.36)
(0.17, 0.14, -0.36)
(0.17, 0.14, -0.36)
(0.17, 0.14, -0.36)
(0.17, 0.14, -0.36)
(0.18, 0.14, -0.36)
(0.18, 0.14, -0.36)
(0.18, 0.14, -0.36)
(0.18, 0.14, -0.36)
(0.18, 0.14, -0.36)
(0.18, 0.14, -0.36)
(0.18, 0.14, -0.36)
(0.18, 0.14, -0.36)
(0.18, 0.14, -0.36)
(0.18, 0.14, -0.36)
(0.18, 0.14, -0.36)
(0.18, 0.14, -0.36)
(0.18, 0.14, -0.37)
(0.18, 0.14, -0.37)
(0.18, 0.14, -0.37)
(0.18, 0.14, -0.37)
(0.18, 0.14, -0.37)
(0.18, 0.14, -0.37)
(0.18, 0.14, -0.37)
(0.18, 0.14, -0.37)
(0.18, 0.14, -0.37)
(0.18, 0.14, -0.37)
(0.18, 0.14, -0.37)
(0.18, 0.14, -0.37)
(0.18, 0.14, -0.37)
(0.18, 0.14, -0.37)
(0.18, 0.14, -0.37)
(0.18, 0.13, -0.37)
(0.18, 0.13, -0.37)
(0.18, 0.13, -0.37)
(0.18, 0.13, -0.37)
(0.18, 0.13, -0.37)
(0.18, 0.13, -0.37)
(0.18, 0.13, -0.37)
(0.18, 0.13, -0.38)
(0.18, 0.13, -0.38)
(0.18, 0.13, -0.38)
(0.18, 0.13, -0.38)
(0.18, 0.13, -0.38)
(0.18, 0.13, -0.38)
(0.18, 0.13, -0.38)
(0.18, 0.13, -0.38)
(0.18, 0.13, -0.38)
(0.18, 0.13, -0.38)
(0.18, 0.13, -0.38)
(0.18, 0.13, -0.38)
(0.18, 0.13, -0.38)
(0.18, 0.13, -0.38)
(0.18, 0.13, -0.38)
(0.18, 0.13, -0.38)
(0.18, 0.13, -0.38)
(0.18, 0.13, -0.38)
(0.18, 0.13, -0.38)
(0.18, 0.13, -0.38)
(0.18, 0.13, -0.38)
(0.18, 0.13, -0.39)
(0.18, 0.13, -0.39)
(0.18, 0.13, -0.39)
(0.18, 0.13, -0.39)
(0.18, 0.13, -0.39)
(0.18, 0.13, -0.39)
(0.18, 0.13, -0.39)
(0.18, 0.13, -0.39)
(0.18, 0.13, -0.39)
(0.18, 0.13, -0.39)
(0.18, 0.12, -0.39)
(0.18, 0.12, -0.39)
(0.18, 0.12, -0.39)
(0.18, 0.12, -0.39)
(0.18, 0.12, -0.39)
(0.18, 0.12, -0.39)
(0.18, 0.12, -0.39)
(0.18, 0.12, -0.39)
(0.18, 0.12, -0.39)
(0.18, 0.12, -0.39)
(0.18, 0.12, -0.39)
(0.19, 0.12, -0.39)
(0.19, 0.12, -0.40)
(0.19, 0.12, -0.40)
(0.19, 0.12, -0.40)
(0.19, 0.12, -0.40)
(0.19, 0.12, -0.40)
(0.19, 0.12, -0.40)
(0.19, 0.12, -0.40)
(0.19, 0.12, -0.40)
(0.19, 0.12, -0.40)
(0.19, 0.12, -0.40)
(0.19, 0.12, -0.40)
(0.19, 0.12, -0.40)
(0.19, 0.12, -0.40)
(0.19, 0.12, -0.40)
(0.19, 0.12, -0.40)
(0.19, 0.12, -0.40)
(0.19, 0.12, -0.40)
(0.19, 0.12, -0.40)
(0.19, 0.12, -0.40)
(0.19, 0.12, -0.40)
(0.19, 0.12, -0.40)
(0.19, 0.12, -0.41)
(0.19, 0.12, -0.41)
(0.19, 0.12, -0.41)
(0.19, 0.12, -0.41)
(0.19, 0.11, -0.41)
(0.19, 0.11, -0.41)
(0.19, 0.11, -0.41)
(0.19, 0.11, -0.41)
(0.19, 0.11, -0.41)
(0.19, 0.11, -0.41)
(0.19, 0.11, -0.41)
(0.19, 0.11, -0.41)
(0.19, 0.11, -0.41)
(0.19, 0.11, -0.41)
(0.19, 0.11, -0.41)
(0.19, 0.11, -0.41)
(0.19, 0.11, -0.41)
(0.19, 0.11, -0.41)
(0.19, 0.11, -0.41)
(0.19, 0.11, -0.41)
(0.19, 0.11, -0.41)
(0.19, 0.11, -0.42)
(0.19, 0.11, -0.42)
(0.19, 0.11, -0.42)
(0.19, 0.11, -0.42)
(0.19, 0.11, -0.42)
(0.19, 0.11, -0.42)
(0.19, 0.11, -0.42)
(0.19, 0.11, -0.42)
(0.19, 0.11, -0.42)
(0.19, 0.11, -0.42)
(0.19, 0.11, -0.42)
(0.19, 0.11, -0.42)
(0.19, 0.11, -0.42)
(0.19, 0.11, -0.42)
(0.19, 0.11, -0.42)
(0.19, 0.11, -0.42)
(0.19, 0.11, -0.42)
(0.19, 0.11, -0.42)
(0.19, 0.11, -0.42)
(0.19, 0.11, -0.42)
(0.19, 0.10, -0.42)
(0.19, 0.10, -0.43)
(0.19, 0.10, -0.43)
(0.19, 0.10, -0.43)
(0.19, 0.10, -0.43)
(0.19, 0.10, -0.43)
(0.19, 0.10, -0.43)
(0.19, 0.10, -0.43)
(0.19, 0.10, -0.43)
(0.19, 0.10, -0.43)
(0.19, 0.10, -0.43)
(0.19, 0.10, -0.43)
(0.19, 0.10, -0.43)
(0.19, 0.10, -0.43)
(0.19, 0.10, -0.43)
(0.19, 0.10, -0.43)
(0.19, 0.10, -0.43)
(0.20, 0.10, -0.43)
(0.20, 0.10, -0.43)
(0.20, 0.10, -0.43)
(0.20, 0.10, -0.43)
(0.20, 0.10, -0.43)
(0.20, 0.10, -0.44)
(0.20, 0.10, -0.44)
(0.20, 0.10, -0.44)
(0.20, 0.10, -0.44)
(0.20, 0.10, -0.44)
(0.20, 0.10, -0.44)
(0.20, 0.10, -0.44)
(0.20, 0.10, -0.44)
(0.20, 0.10, -0.44)
(0.20, 0.10, -0.44)
(0.20, 0.10, -0.44)
(0.20, 0.10, -0.44)
(0.20, 0.10, -0.44)
(0.20, 0.10, -0.44)
(0.20, 0.10, -0.44)
(0.20, 0.09, -0.44)
(0.20, 0.09, -0.44)
(0.20, 0.09, -0.44)
(0.20, 0.09, -0.44)
(0.20, 0.09, -0.44)
(0.20, 0.09, -0.44)
(0.20, 0.09, -0.45)
(0.20, 0.09, -0.45)
(0.20, 0.09, -0.45)
(0.20, 0.09, -0.45)
(0.20, 0.09, -0.45)
(0.20, 0.09, -0.45)
(0.20, 0.09, -0.45)
(0.20, 0.09, -0.45)
(0.20, 0.09, -0.45)
(0.20, 0.09, -0.45)
(0.20, 0.09, -0.45)
(0.20, 0.09, -0.45)
(0.20, 0.09, -0.45)
(0.20, 0.09, -0.45)
(0.20, 0.09, -0.45)
(0.20, 0.09, -0.45)
(0.20, 0.09, -0.45)
(0.20, 0.09, -0.45)
(0.20, 0.09, -0.45)
(0.20, 0.09, -0.45)
(0.20, 0.09, -0.46)
(0.20, 0.09, -0.46)
(0.20, 0.09, -0.46)
(0.20, 0.09, -0.46)
(0.20, 0.09, -0.46)
(0.20, 0.09, -0.46)
(0.20, 0.09, -0.46)
(0.20, 0.09, -0.46)
(0.20, 0.09, -0.46)
(0.20, 0.09, -0.46)
(0.20, 0.08, -0.46)
(0.20, 0.08, -0.46)
(0.20, 0.08, -0.46)
(0.20, 0.08, -0.46)
(0.20, 0.08, -0.46)
(0.20, 0.08, -0.46)
(0.20, 0.08, -0.46)
(0.20, 0.08, -0.46)
(0.20, 0.08, -0.46)
(0.20, 0.08, -0.46)
(0.20, 0.08, -0.46)
(0.20, 0.08, -0.47)
(0.20, 0.08, -0.47)
(0.20, 0.08, -0.47)
(0.20, 0.08, -0.47)
(0.20, 0.08, -0.47)
(0.20, 0.08, -0.47)
(0.20, 0.08, -0.47)
(0.20, 0.08, -0.47)
(0.20, 0.08, -0.47)
(0.20, 0.08, -0.47)
(0.20, 0.08, -0.47)
(0.20, 0.08, -0.47)
(0.20, 0.08, -0.47)
(0.20, 0.08, -0.47)
(0.20, 0.08, -0.47)
(0.20, 0.08, -0.47)
(0.21, 0.08, -0.47)
(0.21, 0.08, -0.47)
(0.21, 0.08, -0.47)
(0.21, 0.08, -0.47)
(0.21, 0.08, -0.47)
(0.21, 0.08, -0.48)
(0.21, 0.08, -0.48)
(0.21, 0.08, -0.48)
(0.21, 0.08, -0.48)
(0.21, 0.07, -0.48)
(0.21, 0.07, -0.48)
(0.21, 0.07, -0.48)
(0.21, 0.07, -0.48)
(0.21, 0.07, -0.48)
(0.21, 0.07, -0.48)
(0.21, 0.07, -0.48)
(0.21, 0.07, -0.48)
(0.21, 0.07, -0.48)
(0.21, 0.07, -0.48)
(0.21, 0.07, -0.48)
(0.21, 0.07, -0.48)
(0.21, 0.07, -0.48)
(0.21, 0.07, -0.48)
(0.21, 0.07, -0.48)
(0.21, 0.07, -0.48)
(0.21, 0.07, -0.49)
(0.21, 0.07, -0.49)
(0.21, 0.07, -0.49)
(0.21, 0.07, -0.49)
(0.21, 0.07, -0.49)
(0.21, 0.07, -0.49)
(0.21, 0.07, -0.49)
(0.21, 0.07, -0.49)
(0.21, 0.07, -0.49)
(0.21, 0.07, -0.49)
(0.21, 0.07, -0.49)
(0.21, 0.07, -0.49)
(0.21, 0.07, -0.49)
(0.21, 0.07, -0.49)
(0.21, 0.07, -0.49)
(0.21, 0.07, -0.49)
(0.21, 0.07, -0.49)
(0.21, 0.07, -0.49)
(0.21, 0.07, -0.49)
(0.21, 0.07, -0.49)
(0.21, 0.06, -0.49)
(0.21, 0.06, -0.50)
(0.21, 0.06, -0.50)
(0.21, 0.06, -0.50)
(0.21, 0.06, -0.50)
(0.21, 0.06, -0.50)
(0.21, 0.06, -0.50)
(0.21, 0.06, -0.50)
(0.21, 0.06, -0.50)
(0.21, 0.06, -0.50)
(0.21, 0.06, -0.50)
(0.21, 0.06, -0.50)
(0.21, 0.06, -0.50)
(0.21, 0.06, -0.50)
(0.21, 0.06, -0.50)
(0.21, 0.06, -0.50)
(0.21, 0.06, -0.50)
(0.21, 0.06, -0.50)
(0.21, 0.06, -0.50)
(0.21, 0.06, -0.50)
(0.21, 0.06, -0.50)
(0.21, 0.06, -0.51)
(0.21, 0.06, -0.51)
(0.21, 0.06, -0.51)
(0.21, 0.06, -0.51)
(0.21, 0.06, -0.51)
(0.21, 0.06, -0.51)
(0.21, 0.06, -0.51)
(0.21, 0.06, -0.51)
(0.21, 0.06, -0.51)
(0.21, 0.06, -0.51)
(0.21, 0.06, -0.51)
(0.21, 0.06, -0.51)
(0.21, 0.06, -0.51)
(0.21, 0.06, -0.51)
(0.21, 0.06, -0.51)
(0.21, 0.05, -0.51)
(0.21, 0.05, -0.51)
(0.21, 0.05, -0.51)
(0.21, 0.05, -0.51)
(0.21, 0.05, -0.51)
(0.21, 0.05, -0.51)
(0.22, 0.05, -0.52)
(0.22, 0.05, -0.52)
(0.22, 0.05, -0.52)
(0.22, 0.05, -0.52)
(0.22, 0.05, -0.52)
(0.22, 0.05, -0.52)
(0.22, 0.05, -0.52)
(0.22, 0.05, -0.52)
(0.22, 0.05, -0.52)
(0.22, 0.05, -0.52)
(0.22, 0.05, -0.52)
(0.22, 0.05, -0.52)
(0.22, 0.05, -0.52)
(0.22, 0.05, -0.52)
(0.22, 0.05, -0.52)
(0.22, 0.05, -0.52)
(0.22, 0.05, -0.52)
(0.22, 0.05, -0.52)
(0.22, 0.05, -0.52)
(0.22, 0.05, -0.52)
(0.22, 0.05, -0.52)
(0.22, 0.05, -0.53)
(0.22, 0.05, -0.53)
(0.22, 0.05, -0.53)
(0.22, 0.05, -0.53)
(0.22, 0.05, -0.53)
(0.22, 0.05, -0.53)
(0.22, 0.05, -0.53)
(0.22, 0.05, -0.53)
(0.22, 0.05, -0.53)
(0.22, 0.04, -0.53)
(0.22, 0.04, -0.53)
(0.22, 0.04, -0.53)
(0.22, 0.04, -0.53)
(0.22, 0.04, -0.53)
(0.22, 0.04, -0.53)
(0.22, 0.04, -0.53)
(0.22, 0.04, -0.53)
(0.22, 0.04, -0.53)
(0.22, 0.04, -0.53)
(0.22, 0.04, -0.53)
(0.22, 0.04, -0.53)
(0.22, 0.04, -0.54)
(0.22, 0.04, -0.54)
(0.22, 0.04, -0.54)
(0.22, 0.04, -0.54)
(0.22, 0.04, -0.54)
(0.22, 0.04, -0.54)
(0.22, 0.04, -0.54)
(0.22, 0.04, -0.54)
(0.22, 0.04, -0.54)
(0.22, 0.04, -0.54)
(0.22, 0.04, -0.54)
(0.22, 0.04, -0.54)
(0.22, 0.04, -0.54)
(0.22, 0.04, -0.54)
(0.22, 0.04, -0.54)
(0.22, 0.04, -0.54)
(0.22, 0.04, -0.54)
(0.22, 0.04, -0.54)
(0.22, 0.04, -0.54)
(0.22, 0.04, -0.54)
(0.22, 0.04, -0.54)
(0.22, 0.04, -0.55)
(0.22, 0.04, -0.55)
(0.22, 0.04, -0.55)
(0.22, 0.03, -0.55)
(0.22, 0.03, -0.55)
(0.22, 0.03, -0.55)
(0.22, 0.03, -0.55)
(0.22, 0.03, -0.55)
(0.22, 0.03, -0.55)
(0.22, 0.03, -0.55)
(0.22, 0.03, -0.55)
(0.22, 0.03, -0.55)
(0.22, 0.03, -0.55)
(0.22, 0.03, -0.55)
(0.22, 0.03, -0.55)
(0.22, 0.03, -0.55)
(0.22, 0.03, -0.55)
(0.22, 0.03, -0.55)
(0.22, 0.03, -0.55)
(0.22, 0.03, -0.55)
(0.22, 0.03, -0.55)
(0.22, 0.03, -0.56)
(0.22, 0.03, -0.56)
(0.22, 0.03, -0.56)
(0.22, 0.03, -0.56)
(0.22, 0.03, -0.56)
(0.22, 0.03, -0.56)
(0.22, 0.03, -0.56)
(0.23, 0.03, -0.56)
(0.23, 0.03, -0.56)
(0.23, 0.03, -0.56)
(0.23, 0.03, -0.56)
(0.23, 0.03, -0.56)
(0.23, 0.03, -0.56)
(0.23, 0.03, -0.56)
(0.23, 0.03, -0.56)
(0.23, 0.03, -0.56)
(0.23, 0.03, -0.56)
(0.23, 0.03, -0.56)
(0.23, 0.02, -0.56)
(0.23, 0.02, -0.56)
(0.23, 0.02, -0.56)
(0.23, 0.02, -0.57)
(0.23, 0.02, -0.57)
(0.23, 0.02, -0.57)
(0.23, 0.02, -0.57)
(0.23, 0.02, -0.57)
(0.23, 0.02, -0.57)
(0.23, 0.02, -0.57)
(0.23, 0.02, -0.57)
(0.23, 0.02, -0.57)
(0.23, 0.02, -0.57)
(0.23, 0.02, -0.57)
(0.23, 0.02, -0.57)
(0.23, 0.02, -0.57)
(0.23, 0.02, -0.57)
(0.23, 0.02, -0.57)
(0.23, 0.02, -0.57)
(0.23, 0.02, -0.57)
(0.23, 0.02, -0.57)
(0.23, 0.02, -0.57)
(0.23, 0.02, -0.57)
(0.23, 0.02, -0.57)
(0.23, 0.02, -0.57)
(0.23, 0.02, -0.58)
(0.23, 0.02, -0.58)
(0.23, 0.02, -0.58)
(0.23, 0.02, -0.58)
(0.23, 0.02, -0.58)
(0.23, 0.02, -0.58)
(0.23, 0.02, -0.58)
(0.23, 0.02, -0.58)
(0.23, 0.02, -0.58)
(0.23, 0.02, -0.58)
(0.23, 0.01, -0.58)
(0.23, 0.01, -0.58)
(0.23, 0.01, -0.58)
(0.23, 0.01, -0.58)
(0.23, 0.01, -0.58)
(0.23, 0.01, -0.58)
(0.23, 0.01, -0.58)
(0.23, 0.01, -0.58)
(0.23, 0.01, -0.58)
(0.23, 0.01, -0.58)
(0.23, 0.01, -0.58)
(0.23, 0.01, -0.58)
(0.23, 0.01, -0.59)
(0.23, 0.01, -0.59)
(0.23, 0.01, -0.59)
(0.23, 0.01, -0.59)
(0.23, 0.01, -0.59)
(0.23, 0.01, -0.59)
(0.23, 0.01, -0.59)
(0.23, 0.01, -0.59)
(0.23, 0.01, -0.59)
(0.23, 0.01, -0.59)
(0.23, 0.01, -0.59)
(0.23, 0.01, -0.59)
(0.23, 0.01, -0.59)
(0.23, 0.01, -0.59)
(0.23, 0.01, -0.59)
(0.23, 0.01, -0.59)
(0.23, 0.01, -0.59)
(0.23, 0.01, -0.59)
(0.23, 0.01, -0.59)
(0.23, 0.01, -0.59)
(0.23, 0.01, -0.59)
(0.23, 0.01, -0.59)
(0.23, 0.01, -0.60)
(0.23, 0.01, -0.60)
(0.23, 0.00, -0.60)
(0.23, 0.00, -0.60)
(0.23, 0.00, -0.60)
(0.23, 0.00, -0.60)
(0.23, 0.00, -0.60)
(0.23, 0.00, -0.60)
(0.23, 0.00, -0.60)
(0.23, 0.00, -0.60)
(0.23, 0.00, -0.60)
(0.23, 0.00, -0.60)
(0.23, 0.00, -0.60)
(0.23, 0.00, -0.60)
(0.23, 0.00, -0.60)
(0.23, 0.00, -0.60)
(0.23, 0.00, -0.60)
(0.23, 0.00, -0.60)
(0.24, 0.00, -0.60)
(0.24, 0.00, -0.60)
(0.24, 0.00, -0.60)
(0.24, 0.00, -0.60)
(0.24, 0.00, -0.61)
(0.24, 0.00, -0.61)
(0.24, 0.00, -0.61)
(0.24, 0.00, -0.61)
(0.24, 0.00, -0.61)
(0.24, 0.00, -0.61)
(0.24, 0.00, -0.61)
(0.24, 0.00, -0.61)
(0.24, 0.00, -0.61)
(0.24, 0.00, -0.61)
(0.24, 0.00, -0.61)
(0.24, 0.00, -0.61)
(0.24, 0.00, -0.61)
(0.24, 0.00, -0.61)
(0.24, 0.00, -0.61)
(0.24, 0.00, -0.61)
(0.24, -0.01, -0.61)
(0.24, -0.01, -0.61)
(0.24, -0.01, -0.61)
(0.24, -0.01, -0.61)
(0.24, -0.01, -0.61)
(0.24, -0.01, -0.61)
(0.24, -0.01, -0.61)
(0.24, -0.01, -0.62)
(0.24, -0.01, -0.62)
(0.24, -0.01, -0.62)
(0.24, -0.01, -0.62)
(0.24, -0.01, -0.62)
(0.24, -0.01, -0.62)
(0.24, -0.01, -0.62)
(0.24, -0.01, -0.62)
(0.24, -0.01, -0.62)
(0.24, -0.01, -0.62)
(0.24, -0.01, -0.62)
(0.24, -0.01, -0.62)
(0.24, -0.01, -0.62)
(0.24, -0.01, -0.62)
(0.24, -0.01, -0.62)
(0.24, -0.01, -0.62)
(0.24, -0.01, -0.62)
(0.24, -0.01, -0.62)
(0.24, -0.01, -0.62)
(0.24, -0.01, -0.62)
(0.24, -0.01, -0.62)
(0.24, -0.01, -0.62)
(0.24, -0.01, -0.62)
(0.24, -0.01, -0.63)
(0.24, -0.01, -0.63)
(0.24, -0.01, -0.63)
(0.24, -0.01, -0.63)
(0.24, -0.01, -0.63)
(0.24, -0.01, -0.63)
(0.24, -0.01, -0.63)
(0.24, -0.02, -0.63)
(0.24, -0.02, -0.63)
(0.24, -0.02, -0.63)
(0.24, -0.02, -0.63)
(0.24, -0.02, -0.63)
(0.24, -0.02, -0.63)
(0.24, -0.02, -0.63)
(0.24, -0.02, -0.63)
(0.24, -0.02, -0.63)
(0.24, -0.02, -0.63)
(0.24, -0.02, -0.63)
(0.24, -0.02, -0.63)
(0.24, -0.02, -0.63)
(0.24, -0.02, -0.63)
(0.24, -0.02, -0.63)
(0.24, -0.02, -0.63)
(0.24, -0.02, -0.63)
(0.24, -0.02, -0.64)
(0.24, -0.02, -0.64)
(0.24, -0.02, -0.64)
(0.24, -0.02, -0.64)
(0.24, -0.02, -0.64)
(0.24, -0.02, -0.64)
(0.24, -0.02, -0.64)
(0.24, -0.02, -0.64)
(0.24, -0.02, -0.64)
(0.24, -0.02, -0.64)
(0.24, -0.02, -0.64)
(0.24, -0.02, -0.64)
(0.24, -0.02, -0.64)
(0.24, -0.02, -0.64)
(0.24, -0.02, -0.64)
(0.24, -0.02, -0.64)
(0.24, -0.02, -0.64)
(0.24, -0.02, -0.64)
(0.24, -0.02, -0.64)
(0.24, -0.03, -0.64)
(0.24, -0.03, -0.64)
(0.24, -0.03, -0.64)
(0.24, -0.03, -0.64)
(0.24, -0.03, -0.64)
(0.24, -0.03, -0.65)
(0.24, -0.03, -0.65)
(0.24, -0.03, -0.65)
(0.24, -0.03, -0.65)
(0.24, -0.03, -0.65)
(0.24, -0.03, -0.65)
(0.24, -0.03, -0.65)
(0.25, -0.03, -0.65)
(0.25, -0.03, -0.65)
(0.25, -0.03, -0.65)
(0.25, -0.03, -0.65)
(0.25, -0.03, -0.65)
(0.25, -0.03, -0.65)
(0.25, -0.03, -0.65)
(0.25, -0.03, -0.65)
(0.25, -0.03, -0.65)
(0.25, -0.03, -0.65)
(0.25, -0.03, -0.65)
(0.25, -0.03, -0.65)
(0.25, -0.03, -0.65)
(0.25, -0.03, -0.65)
(0.25, -0.03, -0.65)
(0.25, -0.03, -0.65)
(0.25, -0.03, -0.65)
(0.25, -0.03, -0.65)
(0.25, -0.03, -0.66)
(0.25, -0.03, -0.66)
(0.25, -0.03, -0.66)
(0.25, -0.03, -0.66)
(0.25, -0.03, -0.66)
(0.25, -0.03, -0.66)
(0.25, -0.03, -0.66)
(0.25, -0.04, -0.66)
(0.25, -0.04, -0.66)
(0.25, -0.04, -0.66)
(0.25, -0.04, -0.66)
(0.25, -0.04, -0.66)
(0.25, -0.04, -0.66)
(0.25, -0.04, -0.66)
(0.25, -0.04, -0.66)
(0.25, -0.04, -0.66)
(0.25, -0.04, -0.66)
(0.25, -0.04, -0.66)
(0.25, -0.04, -0.66)
(0.25, -0.04, -0.66)
(0.25, -0.04, -0.66)
(0.25, -0.04, -0.66)
(0.25, -0.04, -0.66)
(0.25, -0.04, -0.66)
(0.25, -0.04, -0.66)
(0.25, -0.04, -0.67)
(0.25, -0.04, -0.67)
(0.25, -0.04, -0.67)
(0.25, -0.04, -0.67)
(0.25, -0.04, -0.67)
(0.25, -0.04, -0.67)
(0.25, -0.04, -0.67)
(0.25, -0.04, -0.67)
(0.25, -0.04, -0.67)
(0.25, -0.04, -0.67)
(0.25, -0.04, -0.67)
(0.25, -0.04, -0.67)
(0.25, -0.04, -0.67)
(0.25, -0.04, -0.67)
(0.25, -0.04, -0.67)
(0.25, -0.04, -0.67)
(0.25, -0.04, -0.67)
(0.25, -0.04, -0.67)
(0.25, -0.04, -0.67)
(0.25, -0.05, -0.67)
(0.25, -0.05, -0.67)
(0.25, -0.05, -0.67)
(0.25, -0.05, -0.67)
(0.25, -0.05, -0.67)
(0.25, -0.05, -0.67)
(0.25, -0.05, -0.67)
(0.25, -0.05, -0.67)
(0.25, -0.05, -0.68)
(0.25, -0.05, -0.68)
(0.25, -0.05, -0.68)
(0.25, -0.05, -0.68)
(0.25, -0.05, -0.68)
(0.25, -0.05, -0.68)
(0.25, -0.05, -0.68)
(0.25, -0.05, -0.68)
(0.25, -0.05, -0.68)
(0.25, -0.05, -0.68)
(0.25, -0.05, -0.68)
(0.25, -0.05, -0.68)
(0.25, -0.05, -0.68)
(0.25, -0.05, -0.68)
(0.25, -0.05, -0.68)
(0.25, -0.05, -0.68)
(0.25, -0.05, -0.68)
(0.25, -0.05, -0.68)
(0.25, -0.05, -0.68)
(0.25, -0.05, -0.68)
(0.25, -0.05, -0.68)
(0.25, -0.05, -0.68)
(0.25, -0.05, -0.68)
(0.25, -0.05, -0.68)
(0.25, -0.05, -0.68)
(0.25, -0.05, -0.68)
(0.25, -0.05, -0.68)
(0.25, -0.05, -0.69)
(0.25, -0.05, -0.69)
(0.25, -0.06, -0.69)
(0.25, -0.06, -0.69)
(0.25, -0.06, -0.69)
(0.25, -0.06, -0.69)
(0.25, -0.06, -0.69)
(0.25, -0.06, -0.69)
(0.25, -0.06, -0.69)
(0.25, -0.06, -0.69)
(0.25, -0.06, -0.69)
(0.25, -0.06, -0.69)
(0.25, -0.06, -0.69)
(0.25, -0.06, -0.69)
(0.25, -0.06, -0.69)
(0.25, -0.06, -0.69)
(0.25, -0.06, -0.69)
(0.25, -0.06, -0.69)
(0.26, -0.06, -0.69)
(0.26, -0.06, -0.69)
(0.26, -0.06, -0.69)
(0.26, -0.06, -0.69)
(0.26, -0.06, -0.69)
(0.26, -0.06, -0.69)
(0.26, -0.06, -0.69)
(0.26, -0.06, -0.69)
(0.26, -0.06, -0.69)
(0.26, -0.06, -0.69)
(0.26, -0.06, -0.69)
(0.26, -0.06, -0.70)
(0.26, -0.06, -0.70)
(0.26, -0.06, -0.70)
(0.26, -0.06, -0.70)
(0.26, -0.06, -0.70)
(0.26, -0.06, -0.70)
(0.26, -0.06, -0.70)
(0.26, -0.06, -0.70)
(0.26, -0.06, -0.70)
(0.26, -0.06, -0.70)
(0.26, -0.06, -0.70)
(0.26, -0.07, -0.70)
(0.26, -0.07, -0.70)
(0.26, -0.07, -0.70)
(0.26, -0.07, -0.70)
(0.26, -0.07, -0.70)
(0.26, -0.07, -0.70)
(0.26, -0.07, -0.70)
(0.26, -0.07, -0.70)
(0.26, -0.07, -0.70)
(0.26, -0.07, -0.70)
(0.26, -0.07, -0.70)
(0.26, -0.07, -0.70)
(0.26, -0.07, -0.70)
(0.26, -0.07, -0.70)
(0.26, -0.07, -0.70)
(0.26, -0.07, -0.70)
(0.26, -0.07, -0.70)
(0.26, -0.07, -0.70)
(0.26, -0.07, -0.70)
(0.26, -0.07, -0.71)
(0.26, -0.07, -0.71)
(0.26, -0.07, -0.71)
(0.26, -0.07, -0.71)
(0.26, -0.07, -0.71)
(0.26, -0.07, -0.71)
(0.26, -0.07, -0.71)
(0.26, -0.07, -0.71)
(0.26, -0.07, -0.71)
(0.26, -0.07, -0.71)
(0.26, -0.07, -0.71)
(0.26, -0.07, -0.71)
(0.26, -0.07, -0.71)
(0.26, -0.07, -0.71)
(0.26, -0.07, -0.71)
(0.26, -0.07, -0.71)
(0.26, -0.07, -0.71)
(0.26, -0.07, -0.71)
(0.26, -0.07, -0.71)
(0.26, -0.08, -0.71)
(0.26, -0.08, -0.71)
(0.26, -0.08, -0.71)
(0.26, -0.08, -0.71)
(0.26, -0.08, -0.71)
(0.26, -0.08, -0.71)
(0.26, -0.08, -0.71)
(0.26, -0.08, -0.71)
(0.26, -0.08, -0.71)
(0.26, -0.08, -0.71)
(0.26, -0.08, -0.71)
(0.26, -0.08, -0.71)
(0.26, -0.08, -0.72)
(0.26, -0.08, -0.72)
(0.26, -0.08, -0.72)
(0.26, -0.08, -0.72)
(0.26, -0.08, -0.72)
(0.26, -0.08, -0.72)
(0.26, -0.08, -0.72)
(0.26, -0.08, -0.72)
(0.26, -0.08, -0.72)
(0.26, -0.08, -0.72)
(0.26, -0.08, -0.72)
(0.26, -0.08, -0.72)
(0.26, -0.08, -0.72)
(0.26, -0.08, -0.72)
(0.26, -0.08, -0.72)
(0.26, -0.08, -0.72)
(0.26, -0.08, -0.72)
(0.26, -0.08, -0.72)
(0.26, -0.08, -0.72)
(0.26, -0.08, -0.72)
(0.26, -0.08, -0.72)
(0.26, -0.08, -0.72)
(0.26, -0.08, -0.72)
(0.26, -0.08, -0.72)
(0.26, -0.08, -0.72)
(0.26, -0.08, -0.72)
(0.26, -0.09, -0.72)
(0.26, -0.09, -0.72)
(0.26, -0.09, -0.72)
(0.26, -0.09, -0.72)
(0.26, -0.09, -0.72)
(0.26, -0.09, -0.72)
(0.26, -0.09, -0.72)
(0.26, -0.09, -0.72)
(0.26, -0.09, -0.73)
(0.26, -0.09, -0.73)
(0.26, -0.09, -0.73)
(0.26, -0.09, -0.73)
(0.26, -0.09, -0.73)
(0.26, -0.09, -0.73)
(0.26, -0.09, -0.73)
(0.26, -0.09, -0.73)
(0.26, -0.09, -0.73)
(0.26, -0.09, -0.73)
(0.26, -0.09, -0.73)
(0.26, -0.09, -0.73)
(0.26, -0.09, -0.73)
(0.26, -0.09, -0.73)
(0.26, -0.09, -0.73)
(0.26, -0.09, -0.73)
(0.26, -0.09, -0.73)
(0.26, -0.09, -0.73)
(0.26, -0.09, -0.73)
(0.26, -0.09, -0.73)
(0.26, -0.09, -0.73)
(0.26, -0.09, -0.73)
(0.27, -0.09, -0.73)
(0.27, -0.09, -0.73)
(0.27, -0.09, -0.73)
(0.27, -0.09, -0.73)
(0.27, -0.09, -0.73)
(0.27, -0.09, -0.73)
(0.27, -0.09, -0.73)
(0.27, -0.09, -0.73)
(0.27, -0.09, -0.73)
(0.27, -0.10, -0.73)
(0.27, -0.10, -0.73)
(0.27, -0.10, -0.73)
(0.27, -0.10, -0.73)
(0.27, -0.10, -0.73)
(0.27, -0.10, -0.73)
(0.27, -0.10, -0.74)
(0.27, -0.10, -0.74)
(0.27, -0.10, -0.74)
(0.27, -0.10, -0.74)
(0.27, -0.10, -0.74)
(0.27, -0.10, -0.74)
(0.27, -0.10, -0.74)
(0.27, -0.10, -0.74)
(0.27, -0.10, -0.74)
(0.27, -0.10, -0.74)
(0.27, -0.10, -0.74)
(0.27, -0.10, -0.74)
(0.27, -0.10, -0.74)
(0.27, -0.10, -0.74)
(0.27, -0.10, -0.74)
(0.27, -0.10, -0.74)
(0.27, -0.10, -0.74)
(0.27, -0.10, -0.74)
(0.27, -0.10, -0.74)
(0.27, -0.10, -0.74)
(0.27, -0.10, -0.74)
(0.27, -0.10, -0.74)
(0.27, -0.10, -0.74)
(0.27, -0.10, -0.74)
(0.27, -0.10, -0.74)
(0.27, -0.10, -0.74)
(0.27, -0.10, -0.74)
(0.27, -0.10, -0.74)
(0.27, -0.10, -0.74)
(0.27, -0.10, -0.74)
(0.27, -0.10, -0.74)
(0.27, -0.10, -0.74)
(0.27, -0.10, -0.74)
(0.27, -0.11, -0.74)
(0.27, -0.11, -0.74)
(0.27, -0.11, -0.74)
(0.27, -0.11, -0.74)
(0.27, -0.11, -0.74)
(0.27, -0.11, -0.74)
(0.27, -0.11, -0.74)
(0.27, -0.11, -0.74)
(0.27, -0.11, -0.75)
(0.27, -0.11, -0.75)
(0.27, -0.11, -0.75)
(0.27, -0.11, -0.75)
(0.27, -0.11, -0.75)
(0.27, -0.11, -0.75)
(0.27, -0.11, -0.75)
(0.27, -0.11, -0.75)
(0.27, -0.11, -0.75)
(0.27, -0.11, -0.75)
(0.27, -0.11, -0.75)
(0.27, -0.11, -0.75)
(0.27, -0.11, -0.75)
(0.27, -0.11, -0.75)
(0.27, -0.11, -0.75)
(0.27, -0.11, -0.75)
(0.27, -0.11, -0.75)
(0.27, -0.11, -0.75)
(0.27, -0.11, -0.75)
(0.27, -0.11, -0.75)
(0.27, -0.11, -0.75)
(0.27, -0.11, -0.75)
(0.27, -0.11, -0.75)
(0.27, -0.11, -0.75)
(0.27, -0.11, -0.75)
(0.27, -0.11, -0.75)
(0.27, -0.11, -0.75)
(0.27, -0.11, -0.75)
(0.27, -0.11, -0.75)
(0.27, -0.11, -0.75)
(0.27, -0.11, -0.75)
(0.27, -0.11, -0.75)
(0.27, -0.12, -0.75)
(0.27, -0.12, -0.75)
(0.27, -0.12, -0.75)
(0.27, -0.12, -0.75)
(0.27, -0.12, -0.75)
(0.27, -0.12, -0.75)
(0.27, -0.12, -0.75)
(0.27, -0.12, -0.75)
(0.27, -0.12, -0.75)
(0.27, -0.12, -0.75)
(0.27, -0.12, -0.75)
(0.27, -0.12, -0.75)
(0.27, -0.12, -0.75)
(0.27, -0.12, -0.75)
(0.27, -0.12, -0.75)
(0.27, -0.12, -0.76)
(0.27, -0.12, -0.76)
(0.27, -0.12, -0.76)
(0.27, -0.12, -0.76)
(0.27, -0.12, -0.76)
(0.27, -0.12, -0.76)
(0.27, -0.12, -0.76)
(0.27, -0.12, -0.76)
(0.27, -0.12, -0.76)
(0.27, -0.12, -0.76)
(0.27, -0.12, -0.76)
(0.27, -0.12, -0.76)
(0.27, -0.12, -0.76)
(0.27, -0.12, -0.76)
(0.27, -0.12, -0.76)
(0.27, -0.12, -0.76)
(0.27, -0.12, -0.76)
(0.27, -0.12, -0.76)
(0.27, -0.12, -0.76)
(0.27, -0.12, -0.76)
(0.27, -0.12, -0.76)
(0.27, -0.12, -0.76)
(0.27, -0.12, -0.76)
(0.27, -0.12, -0.76)
(0.27, -0.12, -0.76)
(0.27, -0.13, -0.76)
(0.27, -0.13, -0.76)
(0.27, -0.13, -0.76)
(0.27, -0.13, -0.76)
(0.27, -0.13, -0.76)
(0.27, -0.13, -0.76)
(0.27, -0.13, -0.76)
(0.27, -0.13, -0.76)
(0.27, -0.13, -0.76)
(0.27, -0.13, -0.76)
(0.27, -0.13, -0.76)
(0.27, -0.13, -0.76)
(0.27, -0.13, -0.76)
(0.27, -0.13, -0.76)
(0.27, -0.13, -0.76)
(0.27, -0.13, -0.76)
(0.27, -0.13, -0.76)
(0.27, -0.13, -0.76)
(0.27, -0.13, -0.76)
(0.27, -0.13, -0.76)
(0.27, -0.13, -0.76)
(0.27, -0.13, -0.76)
(0.27, -0.13, -0.76)
(0.28, -0.13, -0.76)
(0.28, -0.13, -0.76)
(0.28, -0.13, -0.76)
(0.28, -0.13, -0.76)
(0.28, -0.13, -0.76)
(0.28, -0.13, -0.76)
(0.28, -0.13, -0.76)
(0.28, -0.13, -0.76)
(0.28, -0.13, -0.76)
(0.28, -0.13, -0.77)
(0.28, -0.13, -0.77)
(0.28, -0.13, -0.77)
(0.28, -0.13, -0.77)
(0.28, -0.13, -0.77)
(0.28, -0.13, -0.77)
(0.28, -0.13, -0.77)
(0.28, -0.13, -0.77)
(0.28, -0.13, -0.77)
(0.28, -0.14, -0.77)
(0.28, -0.14, -0.77)
(0.28, -0.14, -0.77)
(0.28, -0.14, -0.77)
(0.28, -0.14, -0.77)
(0.28, -0.14, -0.77)
(0.28, -0.14, -0.77)
(0.28, -0.14, -0.77)
(0.28, -0.14, -0.77)
(0.28, -0.14, -0.77)
(0.28, -0.14, -0.77)
(0.28, -0.14, -0.77)
(0.28, -0.14, -0.77)
(0.28, -0.14, -0.77)
(0.28, -0.14, -0.77)
(0.28, -0.14, -0.77)
(0.28, -0.14, -0.77)
(0.28, -0.14, -0.77)
(0.28, -0.14, -0.77)
(0.28, -0.14, -0.77)
(0.28, -0.14, -0.77)
(0.28, -0.14, -0.77)
(0.28, -0.14, -0.77)
(0.28, -0.14, -0.77)
(0.28, -0.14, -0.77)
(0.28, -0.14, -0.77)
(0.28, -0.14, -0.77)
(0.28, -0.14, -0.77)
(0.28, -0.14, -0.77)
(0.28, -0.14, -0.77)
(0.28, -0.14, -0.77)
(0.28, -0.14, -0.77)
(0.28, -0.14, -0.77)
(0.28, -0.14, -0.77)
(0.28, -0.14, -0.77)
(0.28, -0.14, -0.77)
(0.28, -0.14, -0.77)
(0.28, -0.14, -0.77)
(0.28, -0.14, -0.77)
(0.28, -0.14, -0.77)
(0.28, -0.14, -0.77)
(0.28, -0.15, -0.77)
(0.28, -0.15, -0.77)
(0.28, -0.15, -0.77)
(0.28, -0.15, -0.77)
(0.28, -0.15, -0.77)
(0.28, -0.15, -0.77)
(0.28, -0.15, -0.77)
(0.28, -0.15, -0.77)
(0.28, -0.15, -0.77)
(0.28, -0.15, -0.77)
(0.28, -0.15, -0.77)
(0.28, -0.15, -0.77)
(0.28, -0.15, -0.77)
(0.28, -0.15, -0.77)
(0.28, -0.15, -0.77)
(0.28, -0.15, -0.77)
(0.28, -0.15, -0.77)
(0.28, -0.15, -0.77)
(0.28, -0.15, -0.77)
(0.28, -0.15, -0.77)
(0.28, -0.15, -0.77)
(0.28, -0.15, -0.77)
(0.28, -0.15, -0.77)
(0.28, -0.15, -0.77)
(0.28, -0.15, -0.77)
(0.28, -0.15, -0.77)
(0.28, -0.15, -0.77)
(0.28, -0.15, -0.77)
(0.28, -0.15, -0.77)
(0.28, -0.15, -0.77)
(0.28, -0.15, -0.77)
(0.28, -0.15, -0.77)
(0.28, -0.15, -0.77)
(0.28, -0.15, -0.78)
(0.28, -0.15, -0.78)
(0.28, -0.15, -0.78)
(0.28, -0.15, -0.78)
(0.28, -0.15, -0.78)
(0.28, -0.15, -0.78)
(0.28, -0.15, -0.78)
(0.28, -0.15, -0.78)
(0.28, -0.16, -0.78)
(0.28, -0.16, -0.78)
(0.28, -0.16, -0.78)
(0.28, -0.16, -0.78)
(0.28, -0.16, -0.78)
(0.28, -0.16, -0.78)
(0.28, -0.16, -0.78)
(0.28, -0.16, -0.78)
(0.28, -0.16, -0.78)
(0.28, -0.16, -0.78)
(0.28, -0.16, -0.78)
(0.28, -0.16, -0.78)
(0.28, -0.16, -0.78)
(0.28, -0.16, -0.78)
(0.28, -0.16, -0.78)
(0.28, -0.16, -0.78)
(0.28, -0.16, -0.78)
(0.28, -0.16, -0.78)
(0.28, -0.16, -0.78)
(0.28, -0.16, -0.78)
(0.28, -0.16, -0.78)
(0.28, -0.16, -0.78)
(0.28, -0.16, -0.78)
(0.28, -0.16, -0.78)
(0.28, -0.16, -0.78)
(0.28, -0.16, -0.78)
(0.28, -0.16, -0.78)
(0.28, -0.16, -0.78)
(0.28, -0.16, -0.78)
(0.28, -0.16, -0.78)
(0.28, -0.16, -0.78)
(0.28, -0.16, -0.78)
(0.28, -0.16, -0.78)
(0.28, -0.16, -0.78)
(0.28, -0.16, -0.78)
(0.28, -0.16, -0.78)
(0.28, -0.16, -0.78)
(0.28, -0.16, -0.78)
(0.28, -0.16, -0.78)
(0.28, -0.16, -0.78)
(0.28, -0.16, -0.78)
(0.28, -0.17, -0.78)
(0.28, -0.17, -0.78)
(0.28, -0.17, -0.78)
(0.28, -0.17, -0.78)
(0.28, -0.17, -0.78)
(0.28, -0.17, -0.78)
(0.28, -0.17, -0.78)
(0.28, -0.17, -0.78)
(0.28, -0.17, -0.78)
(0.28, -0.17, -0.78)
(0.28, -0.17, -0.78)
(0.28, -0.17, -0.78)
(0.28, -0.17, -0.78)
(0.28, -0.17, -0.78)
(0.28, -0.17, -0.78)
(0.28, -0.17, -0.78)
(0.28, -0.17, -0.78)
(0.28, -0.17, -0.78)
(0.28, -0.17, -0.78)
(0.28, -0.17, -0.78)
(0.28, -0.17, -0.78)
(0.28, -0.17, -0.78)
(0.28, -0.17, -0.78)
(0.28, -0.17, -0.78)
(0.28, -0.17, -0.78)
(0.28, -0.17, -0.78)
(0.28, -0.17, -0.78)
(0.28, -0.17, -0.78)
(0.28, -0.17, -0.78)
(0.28, -0.17, -0.78)
(0.28, -0.17, -0.78)
(0.28, -0.17, -0.78)
(0.28, -0.17, -0.78)
(0.28, -0.17, -0.78)
(0.28, -0.17, -0.78)
(0.28, -0.17, -0.78)
(0.28, -0.17, -0.78)
(0.28, -0.17, -0.78)
(0.28, -0.17, -0.78)
(0.28, -0.17, -0.78)
(0.28, -0.17, -0.78)
(0.28, -0.17, -0.78)
(0.28, -0.18, -0.78)
(0.28, -0.18, -0.78)
(0.28, -0.18, -0.78)
(0.28, -0.18, -0.78)
(0.28, -0.18, -0.78)
(0.28, -0.18, -0.78)
(0.28, -0.18, -0.78)
(0.28, -0.18, -0.78)
(0.29, -0.18, -0.78)
(0.29, -0.18, -0.78)
(0.29, -0.18, -0.78)
(0.29, -0.18, -0.78)
(0.29, -0.18, -0.78)
(0.29, -0.18, -0.78)
(0.29, -0.18, -0.78)
(0.29, -0.18, -0.78)
(0.29, -0.18, -0.78)
(0.29, -0.18, -0.78)
(0.29, -0.18, -0.78)
(0.29, -0.18, -0.78)
(0.29, -0.18, -0.78)
(0.29, -0.18, -0.78)
(0.29, -0.18, -0.78)
(0.29, -0.18, -0.78)
(0.29, -0.18, -0.78)
(0.29, -0.18, -0.78)
(0.29, -0.18, -0.78)
(0.29, -0.18, -0.78)
(0.29, -0.18, -0.78)
(0.29, -0.18, -0.78)
(0.29, -0.18, -0.78)
(0.29, -0.18, -0.78)
(0.29, -0.18, -0.78)
(0.29, -0.18, -0.78)
(0.29, -0.18, -0.78)
(0.29, -0.18, -0.78)
(0.29, -0.18, -0.78)
(0.29, -0.18, -0.78)
(0.29, -0.18, -0.78)
(0.29, -0.18, -0.78)
(0.29, -0.18, -0.78)
(0.29, -0.19, -0.78)
(0.29, -0.19, -0.78)
(0.29, -0.19, -0.78)
(0.29, -0.19, -0.78)
(0.29, -0.19, -0.78)
(0.29, -0.19, -0.78)
(0.29, -0.19, -0.78)
(0.29, -0.19, -0.78)
(0.29, -0.19, -0.78)
(0.29, -0.19, -0.78)
(0.29, -0.19, -0.78)
(0.29, -0.19, -0.78)
(0.29, -0.19, -0.78)
(0.29, -0.19, -0.78)
(0.29, -0.19, -0.78)
(0.29, -0.19, -0.78)
(0.29, -0.19, -0.78)
(0.29, -0.19, -0.78)
(0.29, -0.19, -0.78)
(0.29, -0.19, -0.78)
(0.29, -0.19, -0.78)
(0.29, -0.19, -0.78)
(0.29, -0.19, -0.78)
(0.29, -0.19, -0.78)
(0.29, -0.19, -0.78)
(0.29, -0.19, -0.78)
(0.29, -0.19, -0.78)
(0.29, -0.19, -0.78)
(0.29, -0.19, -0.78)
(0.29, -0.19, -0.78)
(0.29, -0.19, -0.78)
(0.29, -0.19, -0.78)
(0.29, -0.19, -0.78)
(0.29, -0.19, -0.78)
(0.29, -0.19, -0.78)
(0.29, -0.19, -0.78)
(0.29, -0.19, -0.78)
(0.29, -0.19, -0.78)
(0.29, -0.19, -0.78)
(0.29, -0.19, -0.78)
(0.29, -0.19, -0.78)
(0.29, -0.19, -0.78)
(0.29, -0.20, -0.78)
(0.29, -0.20, -0.78)
(0.29, -0.20, -0.78)
(0.29, -0.20, -0.78)
(0.29, -0.20, -0.78)
(0.29, -0.20, -0.78)
(0.29, -0.20, -0.78)
(0.29, -0.20, -0.78)
(0.29, -0.20, -0.78)
(0.29, -0.20, -0.78)
(0.29, -0.20, -0.78)
(0.29, -0.20, -0.78)
(0.29, -0.20, -0.78)
(0.29, -0.20, -0.78)
(0.29, -0.20, -0.78)
(0.29, -0.20, -0.78)
(0.29, -0.20, -0.78)
(0.29, -0.20, -0.78)
(0.29, -0.20, -0.78)
(0.29, -0.20, -0.78)
(0.29, -0.20, -0.78)
(0.29, -0.20, -0.78)
(0.29, -0.20, -0.78)
(0.29, -0.20, -0.78)
(0.29, -0.20, -0.78)
(0.29, -0.20, -0.78)
(0.29, -0.20, -0.78)
(0.29, -0.20, -0.78)
(0.29, -0.20, -0.78)
(0.29, -0.20, -0.78)
(0.29, -0.20, -0.78)
(0.29, -0.20, -0.78)
(0.29, -0.20, -0.78)
(0.29, -0.20, -0.78)
(0.29, -0.20, -0.78)
(0.29, -0.20, -0.78)
(0.29, -0.20, -0.78)
(0.29, -0.20, -0.78)
(0.29, -0.20, -0.78)
(0.29, -0.20, -0.78)
(0.29, -0.20, -0.78)
(0.29, -0.21, -0.78)
(0.29, -0.21, -0.78)
(0.29, -0.21, -0.78)
(0.29, -0.21, -0.78)
(0.29, -0.21, -0.77)
(0.29, -0.21, -0.77)
(0.29, -0.21, -0.77)
(0.29, -0.21, -0.77)
(0.29, -0.21, -0.77)
(0.29, -0.21, -0.77)
(0.29, -0.21, -0.77)
(0.29, -0.21, -0.77)
(0.29, -0.21, -0.77)
(0.29, -0.21, -0.77)
(0.29, -0.21, -0.77)
(0.29, -0.21, -0.77)
(0.29, -0.21, -0.77)
(0.29, -0.21, -0.77)
(0.29, -0.21, -0.77)
(0.29, -0.21, -0.77)
(0.29, -0.21, -0.77)
(0.29, -0.21, -0.77)
(0.29, -0.21, -0.77)
(0.29, -0.21, -0.77)
(0.29, -0.21, -0.77)
(0.29, -0.21, -0.77)
(0.29, -0.21, -0.77)
(0.29, -0.21, -0.77)
(0.29, -0.21, -0.77)
(0.29, -0.21, -0.77)
(0.29, -0.21, -0.77)
(0.29, -0.21, -0.77)
(0.29, -0.21, -0.77)
(0.29, -0.21, -0.77)
(0.29, -0.21, -0.77)
(0.29, -0.21, -0.77)
(0.29, -0.21, -0.77)
(0.29, -0.21, -0.77)
(0.29, -0.21, -0.77)
(0.29, -0.21, -0.77)
(0.29, -0.21, -0.77)
(0.29, -0.22, -0.77)
(0.29, -0.22, -0.77)
(0.29, -0.22, -0.77)
(0.29, -0.22, -0.77)
(0.29, -0.22, -0.77)
(0.29, -0.22, -0.77)
(0.29, -0.22, -0.77)
(0.29, -0.22, -0.77)
(0.29, -0.22, -0.77)
(0.29, -0.22, -0.77)
(0.29, -0.22, -0.77)
(0.29, -0.22, -0.77)
(0.29, -0.22, -0.77)
(0.29, -0.22, -0.77)
(0.29, -0.22, -0.77)
(0.29, -0.22, -0.77)
(0.29, -0.22, -0.77)
(0.29, -0.22, -0.77)
(0.29, -0.22, -0.77)
(0.29, -0.22, -0.77)
(0.29, -0.22, -0.77)
(0.29, -0.22, -0.77)
(0.29, -0.22, -0.77)
(0.29, -0.22, -0.77)
(0.29, -0.22, -0.77)
(0.29, -0.22, -0.77)
(0.29, -0.22, -0.77)
(0.29, -0.22, -0.77)
(0.29, -0.22, -0.77)
(0.29, -0.22, -0.77)
(0.29, -0.22, -0.77)
(0.29, -0.22, -0.77)
(0.29, -0.22, -0.77)
(0.29, -0.22, -0.77)
(0.29, -0.22, -0.77)
(0.29, -0.22, -0.77)
(0.29, -0.22, -0.77)
(0.29, -0.22, -0.77)
(0.29, -0.22, -0.77)
(0.29, -0.22, -0.77)
(0.29, -0.22, -0.77)
(0.29, -0.23, -0.77)
(0.29, -0.23, -0.77)
(0.29, -0.23, -0.77)
(0.29, -0.23, -0.77)
(0.29, -0.23, -0.77)
(0.29, -0.23, -0.76)
(0.29, -0.23, -0.76)
(0.29, -0.23, -0.76)
(0.29, -0.23, -0.76)
(0.29, -0.23, -0.76)
(0.29, -0.23, -0.76)
(0.29, -0.23, -0.76)
(0.29, -0.23, -0.76)
(0.29, -0.23, -0.76)
(0.29, -0.23, -0.76)
(0.29, -0.23, -0.76)
(0.29, -0.23, -0.76)
(0.29, -0.23, -0.76)
(0.29, -0.23, -0.76)
(0.29, -0.23, -0.76)
(0.29, -0.23, -0.76)
(0.29, -0.23, -0.76)
(0.29, -0.23, -0.76)
(0.29, -0.23, -0.76)
(0.29, -0.23, -0.76)
(0.29, -0.23, -0.76)
(0.29, -0.23, -0.76)
(0.29, -0.23, -0.76)
(0.29, -0.23, -0.76)
(0.29, -0.23, -0.76)
(0.29, -0.23, -0.76)
(0.29, -0.23, -0.76)
(0.29, -0.23, -0.76)
(0.29, -0.23, -0.76)
(0.29, -0.23, -0.76)
(0.29, -0.23, -0.76)
(0.29, -0.23, -0.76)
(0.29, -0.23, -0.76)
(0.29, -0.23, -0.76)
(0.29, -0.23, -0.76)
(0.29, -0.24, -0.76)
(0.29, -0.24, -0.76)
(0.29, -0.24, -0.76)
(0.29, -0.24, -0.76)
(0.29, -0.24, -0.76)
(0.29, -0.24, -0.76)
(0.29, -0.24, -0.76)
(0.29, -0.24, -0.76)
(0.29, -0.24, -0.76)
(0.29, -0.24, -0.76)
(0.29, -0.24, -0.76)
(0.29, -0.24, -0.76)
(0.29, -0.24, -0.76)
(0.29, -0.24, -0.76)
(0.29, -0.24, -0.76)
(0.29, -0.24, -0.76)
(0.29, -0.24, -0.76)
(0.29, -0.24, -0.76)
(0.29, -0.24, -0.76)
(0.29, -0.24, -0.76)
(0.29, -0.24, -0.76)
(0.29, -0.24, -0.76)
(0.29, -0.24, -0.75)
(0.29, -0.24, -0.75)
(0.29, -0.24, -0.75)
(0.29, -0.24, -0.75)
(0.29, -0.24, -0.75)
(0.29, -0.24, -0.75)
(0.29, -0.24, -0.75)
(0.29, -0.24, -0.75)
(0.29, -0.24, -0.75)
(0.29, -0.24, -0.75)
(0.29, -0.24, -0.75)
(0.29, -0.24, -0.75)
(0.29, -0.24, -0.75)
(0.29, -0.24, -0.75)
(0.29, -0.24, -0.75)
(0.29, -0.24, -0.75)
(0.29, -0.24, -0.75)
(0.29, -0.25, -0.75)
(0.29, -0.25, -0.75)
(0.29, -0.25, -0.75)
(0.29, -0.25, -0.75)
(0.29, -0.25, -0.75)
(0.29, -0.25, -0.75)
(0.29, -0.25, -0.75)
(0.29, -0.25, -0.75)
(0.29, -0.25, -0.75)
(0.29, -0.25, -0.75)
(0.29, -0.25, -0.75)
(0.29, -0.25, -0.75)
(0.29, -0.25, -0.75)
(0.29, -0.25, -0.75)
(0.29, -0.25, -0.75)
(0.29, -0.25, -0.75)
(0.29, -0.25, -0.75)
(0.29, -0.25, -0.75)
(0.29, -0.25, -0.75)
(0.29, -0.25, -0.75)
(0.29, -0.25, -0.75)
(0.29, -0.25, -0.75)
(0.29, -0.25, -0.75)
(0.29, -0.25, -0.75)
(0.29, -0.25, -0.75)
(0.29, -0.25, -0.75)
(0.29, -0.25, -0.75)
(0.29, -0.25, -0.75)
(0.29, -0.25, -0.75)
(0.29, -0.25, -0.75)
(0.29, -0.25, -0.74)
(0.29, -0.25, -0.74)
(0.29, -0.25, -0.74)
(0.29, -0.25, -0.74)
(0.29, -0.25, -0.74)
(0.29, -0.25, -0.74)
(0.29, -0.25, -0.74)
(0.29, -0.25, -0.74)
(0.29, -0.25, -0.74)
(0.29, -0.26, -0.74)
(0.29, -0.26, -0.74)
(0.29, -0.26, -0.74)
(0.29, -0.26, -0.74)
(0.29, -0.26, -0.74)
(0.29, -0.26, -0.74)
(0.29, -0.26, -0.74)
(0.29, -0.26, -0.74)
(0.29, -0.26, -0.74)
(0.29, -0.26, -0.74)
(0.29, -0.26, -0.74)
(0.29, -0.26, -0.74)
(0.29, -0.26, -0.74)
(0.29, -0.26, -0.74)
(0.29, -0.26, -0.74)
(0.29, -0.26, -0.74)
(0.30, -0.26, -0.74)
(0.30, -0.26, -0.74)
(0.30, -0.26, -0.74)
(0.30, -0.26, -0.74)
(0.30, -0.26, -0.74)
(0.30, -0.26, -0.74)
(0.30, -0.26, -0.74)
(0.30, -0.26, -0.74)
(0.30, -0.26, -0.74)
(0.30, -0.26, -0.74)
(0.30, -0.26, -0.74)
(0.30, -0.26, -0.74)
(0.30, -0.26, -0.74)
(0.30, -0.26, -0.74)
(0.30, -0.26, -0.74)
(0.30, -0.26, -0.74)
(0.30, -0.26, -0.73)
(0.30, -0.26, -0.73)
(0.30, -0.26, -0.73)
(0.30, -0.26, -0.73)
(0.30, -0.26, -0.73)
(0.30, -0.26, -0.73)
(0.30, -0.27, -0.73)
(0.30, -0.27, -0.73)
(0.30, -0.27, -0.73)
(0.30, -0.27, -0.73)
(0.30, -0.27, -0.73)
(0.30, -0.27, -0.73)
(0.30, -0.27, -0.73)
(0.30, -0.27, -0.73)
(0.30, -0.27, -0.73)
(0.30, -0.27, -0.73)
(0.30, -0.27, -0.73)
(0.30, -0.27, -0.73)
(0.30, -0.27, -0.73)
(0.30, -0.27, -0.73)
(0.30, -0.27, -0.73)
(0.30, -0.27, -0.73)
(0.30, -0.27, -0.73)
(0.30, -0.27, -0.73)
(0.30, -0.27, -0.73)
(0.30, -0.27, -0.73)
(0.30, -0.27, -0.73)
(0.30, -0.27, -0.73)
(0.30, -0.27, -0.73)
(0.30, -0.27, -0.73)
(0.30, -0.27, -0.73)
(0.30, -0.27, -0.73)
(0.30, -0.27, -0.73)
(0.30, -0.27, -0.73)
(0.30, -0.27, -0.73)
(0.30, -0.27, -0.73)
(0.30, -0.27, -0.73)
(0.30, -0.27, -0.72)
(0.30, -0.27, -0.72)
(0.30, -0.27, -0.72)
(0.30, -0.27, -0.72)
(0.30, -0.27, -0.72)
(0.30, -0.27, -0.72)
(0.30, -0.27, -0.72)
(0.30, -0.28, -0.72)
(0.30, -0.28, -0.72)
(0.30, -0.28, -0.72)
(0.30, -0.28, -0.72)
(0.30, -0.28, -0.72)
(0.30, -0.28, -0.72)
(0.30, -0.28, -0.72)
(0.30, -0.28, -0.72)
(0.30, -0.28, -0.72)
(0.30, -0.28, -0.72)
(0.30, -0.28, -0.72)
(0.30, -0.28, -0.72)
(0.30, -0.28, -0.72)
(0.30, -0.28, -0.72)
(0.30, -0.28, -0.72)
(0.30, -0.28, -0.72)
(0.30, -0.28, -0.72)
(0.30, -0.28, -0.72)
(0.30, -0.28, -0.72)
(0.30, -0.28, -0.72)
(0.30, -0.28, -0.72)
(0.30, -0.28, -0.72)
(0.30, -0.28, -0.72)
(0.30, -0.28, -0.72)
(0.30, -0.28, -0.72)
(0.30, -0.28, -0.72)
(0.30, -0.28, -0.72)
(0.30, -0.28, -0.71)
(0.30, -0.28, -0.71)
(0.30, -0.28, -0.71)
(0.30, -0.28, -0.71)
(0.30, -0.28, -0.71)
(0.30, -0.28, -0.71)
(0.30, -0.28, -0.71)
(0.30, -0.28, -0.71)
(0.30, -0.28, -0.71)
(0.30, -0.29, -0.71)
(0.30, -0.29, -0.71)
(0.30, -0.29, -0.71)
(0.30, -0.29, -0.71)
(0.30, -0.29, -0.71)
(0.30, -0.29, -0.71)
(0.30, -0.29, -0.71)
(0.30, -0.29, -0.71)
(0.30, -0.29, -0.71)
(0.30, -0.29, -0.71)
(0.30, -0.29, -0.71)
(0.30, -0.29, -0.71)
(0.30, -0.29, -0.71)
(0.30, -0.29, -0.71)
(0.30, -0.29, -0.71)
(0.30, -0.29, -0.71)
(0.30, -0.29, -0.71)
(0.30, -0.29, -0.71)
(0.30, -0.29, -0.71)
(0.30, -0.29, -0.71)
(0.30, -0.29, -0.71)
(0.30, -0.29, -0.71)
(0.30, -0.29, -0.70)
(0.30, -0.29, -0.70)
(0.30, -0.29, -0.70)
(0.30, -0.29, -0.70)
(0.30, -0.29, -0.70)
(0.30, -0.29, -0.70)
(0.30, -0.29, -0.70)
(0.30, -0.29, -0.70)
(0.30, -0.29, -0.70)
(0.30, -0.29, -0.70)
(0.30, -0.29, -0.70)
(0.30, -0.29, -0.70)
(0.30, -0.29, -0.70)
(0.30, -0.29, -0.70)
(0.30, -0.29, -0.70)
(0.30, -0.30, -0.70)
(0.30, -0.30, -0.70)
(0.30, -0.30, -0.70)
(0.30, -0.30, -0.70)
(0.30, -0.30, -0.70)
(0.30, -0.30, -0.70)
(0.30, -0.30, -0.70)
(0.30, -0.30, -0.70)
(0.30, -0.30, -0.70)
(0.30, -0.30, -0.70)
(0.30, -0.30, -0.70)
(0.30, -0.30, -0.70)
(0.30, -0.30, -0.70)
(0.30, -0.30, -0.70)
(0.30, -0.30, -0.70)
(0.30, -0.30, -0.69)
(0.30, -0.30, -0.69)
(0.30, -0.30, -0.69)
(0.30, -0.30, -0.69)
(0.30, -0.30, -0.69)
(0.30, -0.30, -0.69)
(0.30, -0.30, -0.69)
(0.30, -0.30, -0.69)
(0.30, -0.30, -0.69)
(0.30, -0.30, -0.69)
(0.30, -0.30, -0.69)
(0.30, -0.30, -0.69)
(0.30, -0.30, -0.69)
(0.30, -0.30, -0.69)
(0.30, -0.30, -0.69)
(0.30, -0.30, -0.69)
(0.30, -0.30, -0.69)
(0.30, -0.30, -0.69)
(0.30, -0.30, -0.69)
(0.30, -0.30, -0.69)
(0.30, -0.30, -0.69)
(0.30, -0.31, -0.69)
(0.30, -0.31, -0.69)
(0.30, -0.31, -0.69)
(0.30, -0.31, -0.69)
(0.30, -0.31, -0.69)
(0.30, -0.31, -0.69)
(0.30, -0.31, -0.69)
(0.30, -0.31, -0.69)
(0.30, -0.31, -0.68)
(0.30, -0.31, -0.68)
(0.30, -0.31, -0.68)
(0.30, -0.31, -0.68)
(0.30, -0.31, -0.68)
(0.30, -0.31, -0.68)
(0.30, -0.31, -0.68)
(0.30, -0.31, -0.68)
(0.30, -0.31, -0.68)
(0.30, -0.31, -0.68)
(0.30, -0.31, -0.68)
(0.30, -0.31, -0.68)
(0.30, -0.31, -0.68)
(0.30, -0.31, -0.68)
(0.30, -0.31, -0.68)
(0.30, -0.31, -0.68)
(0.30, -0.31, -0.68)
(0.30, -0.31, -0.68)
(0.30, -0.31, -0.68)
(0.30, -0.31, -0.68)
(0.30, -0.31, -0.68)
(0.30, -0.31, -0.68)
(0.30, -0.31, -0.68)
(0.30, -0.31, -0.68)
(0.30, -0.31, -0.68)
(0.30, -0.31, -0.68)
(0.30, -0.31, -0.68)
(0.30, -0.32, -0.67)
(0.30, -0.32, -0.67)
(0.30, -0.32, -0.67)
(0.30, -0.32, -0.67)
(0.30, -0.32, -0.67)
(0.30, -0.32, -0.67)
(0.30, -0.32, -0.67)
(0.30, -0.32, -0.67)
(0.30, -0.32, -0.67)
(0.30, -0.32, -0.67)
(0.30, -0.32, -0.67)
(0.30, -0.32, -0.67)
(0.30, -0.32, -0.67)
(0.30, -0.32, -0.67)
(0.30, -0.32, -0.67)
(0.30, -0.32, -0.67)
(0.30, -0.32, -0.67)
(0.30, -0.32, -0.67)
(0.30, -0.32, -0.67)
(0.30, -0.32, -0.67)
(0.30, -0.32, -0.67)
(0.30, -0.32, -0.67)
(0.30, -0.32, -0.67)
(0.30, -0.32, -0.67)
(0.30, -0.32, -0.67)
(0.30, -0.32, -0.67)
(0.30, -0.32, -0.67)
(0.30, -0.32, -0.66)
(0.30, -0.32, -0.66)
(0.30, -0.32, -0.66)
(0.30, -0.32, -0.66)
(0.30, -0.32, -0.66)
(0.30, -0.32, -0.66)
(0.30, -0.32, -0.66)
(0.30, -0.32, -0.66)
(0.30, -0.33, -0.66)
(0.30, -0.33, -0.66)
(0.30, -0.33, -0.66)
(0.30, -0.33, -0.66)
(0.30, -0.33, -0.66)
(0.30, -0.33, -0.66)
(0.30, -0.33, -0.66)
(0.30, -0.33, -0.66)
(0.30, -0.33, -0.66)
(0.30, -0.33, -0.66)
(0.30, -0.33, -0.66)
(0.30, -0.33, -0.66)
(0.30, -0.33, -0.66)
(0.30, -0.33, -0.66)
(0.30, -0.33, -0.66)
(0.30, -0.33, -0.66)
(0.30, -0.33, -0.66)
(0.30, -0.33, -0.65)
(0.30, -0.33, -0.65)
(0.30, -0.33, -0.65)
(0.30, -0.33, -0.65)
(0.30, -0.33, -0.65)
(0.30, -0.33, -0.65)
(0.30, -0.33, -0.65)
(0.30, -0.33, -0.65)
(0.30, -0.33, -0.65)
(0.30, -0.33, -0.65)
(0.30, -0.33, -0.65)
(0.30, -0.33, -0.65)
(0.30, -0.33, -0.65)
(0.30, -0.33, -0.65)
(0.30, -0.33, -0.65)
(0.30, -0.33, -0.65)
(0.30, -0.33, -0.65)
(0.30, -0.34, -0.65)
(0.30, -0.34, -0.65)
(0.30, -0.34, -0.65)
(0.30, -0.34, -0.65)
(0.30, -0.34, -0.65)
(0.30, -0.34, -0.65)
(0.30, -0.34, -0.65)
(0.30, -0.34, -0.65)
(0.30, -0.34, -0.64)
(0.30, -0.34, -0.64)
(0.30, -0.34, -0.64)
(0.30, -0.34, -0.64)
(0.30, -0.34, -0.64)
(0.30, -0.34, -0.64)
(0.30, -0.34, -0.64)
(0.30, -0.34, -0.64)
(0.30, -0.34, -0.64)
(0.30, -0.34, -0.64)
(0.30, -0.34, -0.64)
(0.30, -0.34, -0.64)
(0.30, -0.34, -0.64)
(0.30, -0.34, -0.64)
(0.30, -0.34, -0.64)
(0.30, -0.34, -0.64)
(0.30, -0.34, -0.64)
(0.30, -0.34, -0.64)
(0.30, -0.34, -0.64)
(0.30, -0.34, -0.64)
(0.30, -0.34, -0.64)
(0.30, -0.34, -0.64)
(0.30, -0.34, -0.64)
(0.30, -0.34, -0.64)
(0.30, -0.34, -0.63)
(0.30, -0.34, -0.63)
(0.30, -0.35, -0.63)
(0.30, -0.35, -0.63)
(0.30, -0.35, -0.63)
(0.30, -0.35, -0.63)
(0.30, -0.35, -0.63)
(0.30, -0.35, -0.63)
(0.30, -0.35, -0.63)
(0.30, -0.35, -0.63)
(0.30, -0.35, -0.63)
(0.30, -0.35, -0.63)
(0.30, -0.35, -0.63)
(0.30, -0.35, -0.63)
(0.30, -0.35, -0.63)
(0.30, -0.35, -0.63)
(0.30, -0.35, -0.63)
(0.30, -0.35, -0.63)
(0.30, -0.35, -0.63)
(0.30, -0.35, -0.63)
(0.30, -0.35, -0.63)
(0.30, -0.35, -0.63)
(0.30, -0.35, -0.63)
(0.30, -0.35, -0.63)
(0.30, -0.35, -0.62)
(0.30, -0.35, -0.62)
(0.30, -0.35, -0.62)
(0.30, -0.35, -0.62)
(0.30, -0.35, -0.62)
(0.30, -0.35, -0.62)
(0.30, -0.35, -0.62)
(0.30, -0.35, -0.62)
(0.30, -0.35, -0.62)
(0.30, -0.35, -0.62)
(0.30, -0.35, -0.62)
(0.30, -0.36, -0.62)
(0.30, -0.36, -0.62)
(0.30, -0.36, -0.62)
(0.30, -0.36, -0.62)
(0.30, -0.36, -0.62)
(0.30, -0.36, -0.62)
(0.30, -0.36, -0.62)
(0.30, -0.36, -0.62)
(0.30, -0.36, -0.62)
(0.30, -0.36, -0.62)
(0.30, -0.36, -0.62)
(0.30, -0.36, -0.62)
(0.30, -0.36, -0.61)
(0.30, -0.36, -0.61)
(0.30, -0.36, -0.61)
(0.30, -0.36, -0.61)
(0.30, -0.36, -0.61)
(0.30, -0.36, -0.61)
(0.30, -0.36, -0.61)
(0.30, -0.36, -0.61)
(0.30, -0.36, -0.61)
(0.30, -0.36, -0.61)
(0.30, -0.36, -0.61)
(0.30, -0.36, -0.61)
(0.30, -0.36, -0.61)
(0.30, -0.36, -0.61)
(0.30, -0.36, -0.61)
(0.30, -0.36, -0.61)
(0.30, -0.36, -0.61)
(0.30, -0.36, -0.61)
(0.30, -0.36, -0.61)
(0.30, -0.36, -0.61)
(0.30, -0.36, -0.61)
(0.30, -0.37, -0.61)
(0.29, -0.37, -0.61)
(0.29, -0.37, -0.60)
(0.29, -0.37, -0.60)
(0.29, -0.37, -0.60)
(0.29, -0.37, -0.60)
(0.29, -0.37, -0.60)
(0.29, -0.37, -0.60)
(0.29, -0.37, -0.60)
(0.29, -0.37, -0.60)
(0.29, -0.37, -0.60)
(0.29, -0.37, -0.60)
(0.29, -0.37, -0.60)
(0.29, -0.37, -0.60)
(0.29, -0.37, -0.60)
(0.29, -0.37, -0.60)
(0.29, -0.37, -0.60)
(0.29, -0.37, -0.60)
(0.29, -0.37, -0.60)
(0.29, -0.37, -0.60)
(0.29, -0.37, -0.60)
(0.29, -0.37, -0.60)
(0.29, -0.37, -0.60)
(0.29, -0.37, -0.60)
(0.29, -0.37, -0.59)
(0.29, -0.37, -0.59)
(0.29, -0.37, -0.59)
(0.29, -0.37, -0.59)
(0.29, -0.37, -0.59)
(0.29, -0.37, -0.59)
(0.29, -0.37, -0.59)
(0.29, -0.37, -0.59)
(0.29, -0.37, -0.59)
(0.29, -0.38, -0.59)
(0.29, -0.38, -0.59)
(0.29, -0.38, -0.59)
(0.29, -0.38, -0.59)
(0.29, -0.38, -0.59)
(0.29, -0.38, -0.59)
(0.29, -0.38, -0.59)
(0.29, -0.38, -0.59)
(0.29, -0.38, -0.59)
(0.29, -0.38, -0.59)
(0.29, -0.38, -0.59)
(0.29, -0.38, -0.59)
(0.29, -0.38, -0.59)
(0.29, -0.38, -0.58)
(0.29, -0.38, -0.58)
(0.29, -0.38, -0.58)
(0.29, -0.38, -0.58)
(0.29, -0.38, -0.58)
(0.29, -0.38, -0.58)
(0.29, -0.38, -0.58)
(0.29, -0.38, -0.58)
(0.29, -0.38, -0.58)
(0.29, -0.38, -0.58)
(0.29, -0.38, -0.58)
(0.29, -0.38, -0.58)
(0.29, -0.38, -0.58)
(0.29, -0.38, -0.58)
(0.29, -0.38, -0.58)
(0.29, -0.38, -0.58)
(0.29, -0.38, -0.58)
(0.29, -0.38, -0.58)
(0.29, -0.38, -0.58)
(0.29, -0.39, -0.58)
(0.29, -0.39, -0.58)
(0.29, -0.39, -0.58)
(0.29, -0.39, -0.57)
(0.29, -0.39, -0.57)
(0.29, -0.39, -0.57)
(0.29, -0.39, -0.57)
(0.29, -0.39, -0.57)
(0.29, -0.39, -0.57)
(0.29, -0.39, -0.57)
(0.29, -0.39, -0.57)
(0.29, -0.39, -0.57)
(0.29, -0.39, -0.57)
(0.29, -0.39, -0.57)
(0.29, -0.39, -0.57)
(0.29, -0.39, -0.57)
(0.29, -0.39, -0.57)
(0.29, -0.39, -0.57)
(0.29, -0.39, -0.57)
(0.29, -0.39, -0.57)
(0.29, -0.39, -0.57)
(0.29, -0.39, -0.57)
(0.29, -0.39, -0.57)
(0.29, -0.39, -0.57)
(0.29, -0.39, -0.57)
(0.29, -0.39, -0.56)
(0.29, -0.39, -0.56)
(0.29, -0.39, -0.56)
(0.29, -0.39, -0.56)
(0.29, -0.39, -0.56)
(0.29, -0.39, -0.56)
(0.29, -0.39, -0.56)
(0.29, -0.40, -0.56)
(0.29, -0.40, -0.56)
(0.29, -0.40, -0.56)
(0.29, -0.40, -0.56)
(0.29, -0.40, -0.56)
(0.29, -0.40, -0.56)
(0.29, -0.40, -0.56)
(0.29, -0.40, -0.56)
(0.29, -0.40, -0.56)
(0.29, -0.40, -0.56)
(0.29, -0.40, -0.56)
(0.29, -0.40, -0.56)
(0.29, -0.40, -0.56)
(0.29, -0.40, -0.56)
(0.29, -0.40, -0.55)
(0.29, -0.40, -0.55)
(0.29, -0.40, -0.55)
(0.29, -0.40, -0.55)
(0.29, -0.40, -0.55)
(0.29, -0.40, -0.55)
(0.29, -0.40, -0.55)
(0.29, -0.40, -0.55)
(0.29, -0.40, -0.55)
(0.29, -0.40, -0.55)
(0.29, -0.40, -0.55)
(0.29, -0.40, -0.55)
(0.29, -0.40, -0.55)
(0.29, -0.40, -0.55)
(0.29, -0.40, -0.55)
(0.29, -0.40, -0.55)
(0.29, -0.40, -0.55)
(0.29, -0.40, -0.55)
(0.29, -0.41, -0.55)
(0.29, -0.41, -0.55)
(0.29, -0.41, -0.55)
(0.29, -0.41, -0.54)
(0.29, -0.41, -0.54)
(0.29, -0.41, -0.54)
(0.29, -0.41, -0.54)
(0.29, -0.41, -0.54)
(0.29, -0.41, -0.54)
(0.29, -0.41, -0.54)
(0.29, -0.41, -0.54)
(0.29, -0.41, -0.54)
(0.29, -0.41, -0.54)
(0.29, -0.41, -0.54)
(0.29, -0.41, -0.54)
(0.29, -0.41, -0.54)
(0.29, -0.41, -0.54)
(0.29, -0.41, -0.54)
(0.29, -0.41, -0.54)
(0.29, -0.41, -0.54)
(0.29, -0.41, -0.54)
(0.29, -0.41, -0.54)
(0.29, -0.41, -0.54)
(0.29, -0.41, -0.54)
(0.29, -0.41, -0.53)
(0.29, -0.41, -0.53)
(0.29, -0.41, -0.53)
(0.29, -0.41, -0.53)
(0.29, -0.41, -0.53)
(0.29, -0.41, -0.53)
(0.29, -0.41, -0.53)
(0.29, -0.41, -0.53)
(0.29, -0.42, -0.53)
(0.29, -0.42, -0.53)
(0.29, -0.42, -0.53)
(0.29, -0.42, -0.53)
(0.29, -0.42, -0.53)
(0.29, -0.42, -0.53)
(0.29, -0.42, -0.53)
(0.29, -0.42, -0.53)
(0.29, -0.42, -0.53)
(0.29, -0.42, -0.53)
(0.29, -0.42, -0.53)
(0.29, -0.42, -0.53)
(0.29, -0.42, -0.53)
(0.29, -0.42, -0.52)
(0.29, -0.42, -0.52)
(0.29, -0.42, -0.52)
(0.29, -0.42, -0.52)
(0.29, -0.42, -0.52)
(0.29, -0.42, -0.52)
(0.29, -0.42, -0.52)
(0.29, -0.42, -0.52)
(0.29, -0.42, -0.52)
(0.29, -0.42, -0.52)
(0.29, -0.42, -0.52)
(0.29, -0.42, -0.52)
(0.29, -0.42, -0.52)
(0.29, -0.42, -0.52)
(0.29, -0.42, -0.52)
(0.29, -0.42, -0.52)
(0.29, -0.42, -0.52)
(0.29, -0.42, -0.52)
(0.29, -0.43, -0.52)
(0.29, -0.43, -0.52)
(0.29, -0.43, -0.52)
(0.29, -0.43, -0.51)
(0.29, -0.43, -0.51)
(0.29, -0.43, -0.51)
(0.29, -0.43, -0.51)
(0.29, -0.43, -0.51)
(0.29, -0.43, -0.51)
(0.29, -0.43, -0.51)
(0.29, -0.43, -0.51)
(0.29, -0.43, -0.51)
(0.29, -0.43, -0.51)
(0.29, -0.43, -0.51)
(0.29, -0.43, -0.51)
(0.29, -0.43, -0.51)
(0.29, -0.43, -0.51)
(0.29, -0.43, -0.51)
(0.29, -0.43, -0.51)
(0.29, -0.43, -0.51)
(0.29, -0.43, -0.51)
(0.29, -0.43, -0.51)
(0.29, -0.43, -0.51)
(0.29, -0.43, -0.51)
(0.29, -0.43, -0.50)
(0.29, -0.43, -0.50)
(0.29, -0.43, -0.50)
(0.29, -0.43, -0.50)
(0.29, -0.43, -0.50)
(0.29, -0.43, -0.50)
(0.29, -0.43, -0.50)
(0.29, -0.43, -0.50)
(0.29, -0.44, -0.50)
(0.29, -0.44, -0.50)
(0.29, -0.44, -0.50)
(0.29, -0.44, -0.50)
(0.29, -0.44, -0.50)
(0.29, -0.44, -0.50)
(0.29, -0.44, -0.50)
(0.29, -0.44, -0.50)
(0.29, -0.44, -0.50)
(0.29, -0.44, -0.50)
(0.29, -0.44, -0.50)
(0.29, -0.44, -0.50)
(0.29, -0.44, -0.49)
(0.29, -0.44, -0.49)
(0.29, -0.44, -0.49)
(0.29, -0.44, -0.49)
(0.29, -0.44, -0.49)
(0.29, -0.44, -0.49)
(0.29, -0.44, -0.49)
(0.29, -0.44, -0.49)
(0.29, -0.44, -0.49)
(0.29, -0.44, -0.49)
(0.29, -0.44, -0.49)
(0.29, -0.44, -0.49)
(0.29, -0.44, -0.49)
(0.29, -0.44, -0.49)
(0.29, -0.44, -0.49)
(0.29, -0.44, -0.49)
(0.29, -0.44, -0.49)
(0.29, -0.44, -0.49)
(0.29, -0.44, -0.49)
(0.29, -0.45, -0.49)
(0.29, -0.45, -0.49)
(0.29, -0.45, -0.48)
(0.29, -0.45, -0.48)
(0.29, -0.45, -0.48)
(0.29, -0.45, -0.48)
(0.29, -0.45, -0.48)
(0.29, -0.45, -0.48)
(0.29, -0.45, -0.48)
(0.29, -0.45, -0.48)
(0.29, -0.45, -0.48)
(0.29, -0.45, -0.48)
(0.29, -0.45, -0.48)
(0.29, -0.45, -0.48)
(0.29, -0.45, -0.48)
(0.29, -0.45, -0.48)
(0.29, -0.45, -0.48)
(0.29, -0.45, -0.48)
(0.29, -0.45, -0.48)
(0.29, -0.45, -0.48)
(0.29, -0.45, -0.48)
(0.29, -0.45, -0.48)
(0.29, -0.45, -0.47)
(0.29, -0.45, -0.47)
(0.29, -0.45, -0.47)
(0.29, -0.45, -0.47)
(0.29, -0.45, -0.47)
(0.29, -0.45, -0.47)
(0.29, -0.45, -0.47)
(0.29, -0.45, -0.47)
(0.29, -0.45, -0.47)
(0.29, -0.46, -0.47)
(0.29, -0.46, -0.47)
(0.29, -0.46, -0.47)
(0.29, -0.46, -0.47)
(0.29, -0.46, -0.47)
(0.29, -0.46, -0.47)
(0.29, -0.46, -0.47)
(0.29, -0.46, -0.47)
(0.29, -0.46, -0.47)
(0.29, -0.46, -0.47)
(0.29, -0.46, -0.47)
(0.29, -0.46, -0.47)
(0.29, -0.46, -0.46)
(0.29, -0.46, -0.46)
(0.29, -0.46, -0.46)
(0.29, -0.46, -0.46)
(0.29, -0.46, -0.46)
(0.29, -0.46, -0.46)
(0.29, -0.46, -0.46)
(0.29, -0.46, -0.46)
(0.29, -0.46, -0.46)
(0.29, -0.46, -0.46)
(0.29, -0.46, -0.46)
(0.29, -0.46, -0.46)
(0.29, -0.46, -0.46)
(0.29, -0.46, -0.46)
(0.29, -0.46, -0.46)
(0.29, -0.46, -0.46)
(0.29, -0.46, -0.46)
(0.29, -0.46, -0.46)
(0.29, -0.46, -0.46)
(0.29, -0.47, -0.46)
(0.29, -0.47, -0.46)
(0.29, -0.47, -0.45)
(0.29, -0.47, -0.45)
(0.29, -0.47, -0.45)
(0.29, -0.47, -0.45)
(0.29, -0.47, -0.45)
(0.29, -0.47, -0.45)
(0.29, -0.47, -0.45)
(0.29, -0.47, -0.45)
(0.29, -0.47, -0.45)
(0.29, -0.47, -0.45)
(0.29, -0.47, -0.45)
(0.29, -0.47, -0.45)
(0.29, -0.47, -0.45)
(0.29, -0.47, -0.45)
(0.29, -0.47, -0.45)
(0.29, -0.47, -0.45)
(0.29, -0.47, -0.45)
(0.29, -0.47, -0.45)
(0.29, -0.47, -0.45)
(0.28, -0.47, -0.45)
(0.28, -0.47, -0.44)
(0.28, -0.47, -0.44)
(0.28, -0.47, -0.44)
(0.28, -0.47, -0.44)
(0.28, -0.47, -0.44)
(0.28, -0.47, -0.44)
(0.28, -0.47, -0.44)
(0.28, -0.47, -0.44)
(0.28, -0.47, -0.44)
(0.28, -0.48, -0.44)
(0.28, -0.48, -0.44)
(0.28, -0.48, -0.44)
(0.28, -0.48, -0.44)
(0.28, -0.48, -0.44)
(0.28, -0.48, -0.44)
(0.28, -0.48, -0.44)
(0.28, -0.48, -0.44)
(0.28, -0.48, -0.44)
(0.28, -0.48, -0.44)
(0.28, -0.48, -0.44)
(0.28, -0.48, -0.44)
(0.28, -0.48, -0.43)
(0.28, -0.48, -0.43)
(0.28, -0.48, -0.43)
(0.28, -0.48, -0.43)
(0.28, -0.48, -0.43)
(0.28, -0.48, -0.43)
(0.28, -0.48, -0.43)
(0.28, -0.48, -0.43)
(0.28, -0.48, -0.43)
(0.28, -0.48, -0.43)
(0.28, -0.48, -0.43)
(0.28, -0.48, -0.43)
(0.28, -0.48, -0.43)
(0.28, -0.48, -0.43)
(0.28, -0.48, -0.43)
(0.28, -0.48, -0.43)
(0.28, -0.48, -0.43)
(0.28, -0.48, -0.43)
(0.28, -0.48, -0.43)
(0.28, -0.49, -0.43)
(0.28, -0.49, -0.43)
(0.28, -0.49, -0.42)
(0.28, -0.49, -0.42)
(0.28, -0.49, -0.42)
(0.28, -0.49, -0.42)
(0.28, -0.49, -0.42)
(0.28, -0.49, -0.42)
(0.28, -0.49, -0.42)
(0.28, -0.49, -0.42)
(0.28, -0.49, -0.42)
(0.28, -0.49, -0.42)
(0.28, -0.49, -0.42)
(0.28, -0.49, -0.42)
(0.28, -0.49, -0.42)
(0.28, -0.49, -0.42)
(0.28, -0.49, -0.42)
(0.28, -0.49, -0.42)
(0.28, -0.49, -0.42)
(0.28, -0.49, -0.42)
(0.28, -0.49, -0.42)
(0.28, -0.49, -0.42)
(0.28, -0.49, -0.42)
(0.28, -0.49, -0.41)
(0.28, -0.49, -0.41)
(0.28, -0.49, -0.41)
(0.28, -0.49, -0.41)
(0.28, -0.49, -0.41)
(0.28, -0.49, -0.41)
(0.28, -0.49, -0.41)
(0.28, -0.50, -0.41)
(0.28, -0.50, -0.41)
(0.28, -0.50, -0.41)
(0.28, -0.50, -0.41)
(0.28, -0.50, -0.41)
(0.28, -0.50, -0.41)
(0.28, -0.50, -0.41)
(0.28, -0.50, -0.41)
(0.28, -0.50, -0.41)
(0.28, -0.50, -0.41)
(0.28, -0.50, -0.41)
(0.28, -0.50, -0.41)
(0.28, -0.50, -0.41)
(0.28, -0.50, -0.41)
(0.28, -0.50, -0.40)
(0.28, -0.50, -0.40)
(0.28, -0.50, -0.40)
(0.28, -0.50, -0.40)
(0.28, -0.50, -0.40)
(0.28, -0.50, -0.40)
(0.28, -0.50, -0.40)
(0.28, -0.50, -0.40)
(0.28, -0.50, -0.40)
(0.28, -0.50, -0.40)
(0.28, -0.50, -0.40)
(0.28, -0.50, -0.40)
(0.28, -0.50, -0.40)
(0.28, -0.50, -0.40)
(0.28, -0.50, -0.40)
(0.28, -0.50, -0.40)
(0.28, -0.50, -0.40)
(0.28, -0.51, -0.40)
(0.28, -0.51, -0.40)
(0.28, -0.51, -0.40)
(0.28, -0.51, -0.40)
(0.28, -0.51, -0.39)
(0.28, -0.51, -0.39)
(0.28, -0.51, -0.39)
(0.28, -0.51, -0.39)
(0.28, -0.51, -0.39)
(0.28, -0.51, -0.39)
(0.28, -0.51, -0.39)
(0.28, -0.51, -0.39)
(0.28, -0.51, -0.39)
(0.28, -0.51, -0.39)
(0.28, -0.51, -0.39)
(0.28, -0.51, -0.39)
(0.28, -0.51, -0.39)
(0.28, -0.51, -0.39)
(0.28, -0.51, -0.39)
(0.28, -0.51, -0.39)
(0.28, -0.51, -0.39)
(0.28, -0.51, -0.39)
(0.28, -0.51, -0.39)
(0.28, -0.51, -0.39)
(0.28, -0.51, -0.39)
(0.28, -0.51, -0.39)
(0.28, -0.51, -0.38)
(0.28, -0.51, -0.38)
(0.28, -0.51, -0.38)
(0.28, -0.51, -0.38)
(0.28, -0.51, -0.38)
(0.28, -0.51, -0.38)
(0.28, -0.52, -0.38)
(0.28, -0.52, -0.38)
(0.28, -0.52, -0.38)
(0.28, -0.52, -0.38)
(0.28, -0.52, -0.38)
(0.28, -0.52, -0.38)
(0.28, -0.52, -0.38)
(0.28, -0.52, -0.38)
(0.28, -0.52, -0.38)
(0.28, -0.52, -0.38)
(0.28, -0.52, -0.38)
(0.28, -0.52, -0.38)
(0.28, -0.52, -0.38)
(0.28, -0.52, -0.38)
(0.28, -0.52, -0.38)
(0.28, -0.52, -0.37)
(0.28, -0.52, -0.37)
(0.28, -0.52, -0.37)
(0.28, -0.52, -0.37)
(0.28, -0.52, -0.37)
(0.28, -0.52, -0.37)
(0.28, -0.52, -0.37)
(0.28, -0.52, -0.37)
(0.28, -0.52, -0.37)
(0.28, -0.52, -0.37)
(0.28, -0.52, -0.37)
(0.28, -0.52, -0.37)
(0.28, -0.52, -0.37)
(0.28, -0.52, -0.37)
(0.28, -0.52, -0.37)
(0.28, -0.52, -0.37)
(0.28, -0.53, -0.37)
(0.28, -0.53, -0.37)
(0.28, -0.53, -0.37)
(0.28, -0.53, -0.37)
(0.28, -0.53, -0.37)
(0.28, -0.53, -0.37)
(0.28, -0.53, -0.36)
(0.28, -0.53, -0.36)
(0.28, -0.53, -0.36)
(0.28, -0.53, -0.36)
(0.28, -0.53, -0.36)
(0.28, -0.53, -0.36)
(0.28, -0.53, -0.36)
(0.28, -0.53, -0.36)
(0.28, -0.53, -0.36)
(0.28, -0.53, -0.36)
(0.28, -0.53, -0.36)
(0.28, -0.53, -0.36)
(0.28, -0.53, -0.36)
(0.28, -0.53, -0.36)
(0.28, -0.53, -0.36)
(0.28, -0.53, -0.36)
(0.28, -0.53, -0.36)
(0.28, -0.53, -0.36)
(0.28, -0.53, -0.36)
(0.28, -0.53, -0.36)
(0.28, -0.53, -0.36)
(0.28, -0.53, -0.36)
(0.28, -0.53, -0.35)
(0.28, -0.53, -0.35)
(0.28, -0.53, -0.35)
(0.28, -0.54, -0.35)
(0.27, -0.54, -0.35)
(0.27, -0.54, -0.35)
(0.27, -0.54, -0.35)
(0.27, -0.54, -0.35)
(0.27, -0.54, -0.35)
(0.27, -0.54, -0.35)
(0.27, -0.54, -0.35)
(0.27, -0.54, -0.35)
(0.27, -0.54, -0.35)
(0.27, -0.54, -0.35)
(0.27, -0.54, -0.35)
(0.27, -0.54, -0.35)
(0.27, -0.54, -0.35)
(0.27, -0.54, -0.35)
(0.27, -0.54, -0.35)
(0.27, -0.54, -0.35)
(0.27, -0.54, -0.35)
(0.27, -0.54, -0.35)
(0.27, -0.54, -0.34)
(0.27, -0.54, -0.34)
(0.27, -0.54, -0.34)
(0.27, -0.54, -0.34)
(0.27, -0.54, -0.34)
(0.27, -0.54, -0.34)
(0.27, -0.54, -0.34)
(0.27, -0.54, -0.34)
(0.27, -0.54, -0.34)
(0.27, -0.54, -0.34)
(0.27, -0.54, -0.34)
(0.27, -0.54, -0.34)
(0.27, -0.54, -0.34)
(0.27, -0.55, -0.34)
(0.27, -0.55, -0.34)
(0.27, -0.55, -0.34)
(0.27, -0.55, -0.34)
(0.27, -0.55, -0.34)
(0.27, -0.55, -0.34)
(0.27, -0.55, -0.34)
(0.27, -0.55, -0.34)
(0.27, -0.55, -0.34)
(0.27, -0.55, -0.34)
(0.27, -0.55, -0.33)
(0.27, -0.55, -0.33)
(0.27, -0.55, -0.33)
(0.27, -0.55, -0.33)
(0.27, -0.55, -0.33)
(0.27, -0.55, -0.33)
(0.27, -0.55, -0.33)
(0.27, -0.55, -0.33)
(0.27, -0.55, -0.33)
(0.27, -0.55, -0.33)
(0.27, -0.55, -0.33)
(0.27, -0.55, -0.33)
(0.27, -0.55, -0.33)
(0.27, -0.55, -0.33)
(0.27, -0.55, -0.33)
(0.27, -0.55, -0.33)
(0.27, -0.55, -0.33)
(0.27, -0.55, -0.33)
(0.27, -0.55, -0.33)
(0.27, -0.55, -0.33)
(0.27, -0.55, -0.33)
(0.27, -0.56, -0.33)
(0.27, -0.56, -0.33)
(0.27, -0.56, -0.32)
(0.27, -0.56, -0.32)
(0.27, -0.56, -0.32)
(0.27, -0.56, -0.32)
(0.27, -0.56, -0.32)
(0.27, -0.56, -0.32)
(0.27, -0.56, -0.32)
(0.27, -0.56, -0.32)
(0.27, -0.56, -0.32)
(0.27, -0.56, -0.32)
(0.27, -0.56, -0.32)
(0.27, -0.56, -0.32)
(0.27, -0.56, -0.32)
(0.27, -0.56, -0.32)
(0.27, -0.56, -0.32)
(0.27, -0.56, -0.32)
(0.27, -0.56, -0.32)
(0.27, -0.56, -0.32)
(0.27, -0.56, -0.32)
(0.27, -0.56, -0.32)
(0.27, -0.56, -0.32)
(0.27, -0.56, -0.32)
(0.27, -0.56, -0.32)
(0.27, -0.56, -0.31)
(0.27, -0.56, -0.31)
(0.27, -0.56, -0.31)
(0.27, -0.56, -0.31)
(0.27, -0.56, -0.31)
(0.27, -0.56, -0.31)
(0.27, -0.56, -0.31)
(0.27, -0.57, -0.31)
(0.27, -0.57, -0.31)
(0.27, -0.57, -0.31)
(0.27, -0.57, -0.31)
(0.27, -0.57, -0.31)
(0.27, -0.57, -0.31)
(0.27, -0.57, -0.31)
(0.27, -0.57, -0.31)
(0.27, -0.57, -0.31)
(0.27, -0.57, -0.31)
(0.27, -0.57, -0.31)
(0.27, -0.57, -0.31)
(0.27, -0.57, -0.31)
(0.27, -0.57, -0.31)
(0.27, -0.57, -0.31)
(0.27, -0.57, -0.31)
(0.27, -0.57, -0.30)
(0.27, -0.57, -0.30)
(0.27, -0.57, -0.30)
(0.27, -0.57, -0.30)
(0.27, -0.57, -0.30)
(0.27, -0.57, -0.30)
(0.27, -0.57, -0.30)
(0.27, -0.57, -0.30)
(0.27, -0.57, -0.30)
(0.27, -0.57, -0.30)
(0.27, -0.57, -0.30)
(0.27, -0.57, -0.30)
(0.27, -0.57, -0.30)
(0.27, -0.57, -0.30)
(0.27, -0.57, -0.30)
(0.27, -0.57, -0.30)
(0.27, -0.57, -0.30)
(0.27, -0.58, -0.30)
(0.27, -0.58, -0.30)
(0.27, -0.58, -0.30)
(0.27, -0.58, -0.30)
(0.27, -0.58, -0.30)
(0.27, -0.58, -0.30)
(0.27, -0.58, -0.30)
(0.27, -0.58, -0.29)
(0.27, -0.58, -0.29)
(0.27, -0.58, -0.29)
(0.27, -0.58, -0.29)
(0.27, -0.58, -0.29)
(0.27, -0.58, -0.29)
(0.27, -0.58, -0.29)
(0.27, -0.58, -0.29)
(0.27, -0.58, -0.29)
(0.27, -0.58, -0.29)
(0.27, -0.58, -0.29)
(0.27, -0.58, -0.29)
(0.27, -0.58, -0.29)
(0.27, -0.58, -0.29)
(0.27, -0.58, -0.29)
(0.27, -0.58, -0.29)
(0.27, -0.58, -0.29)
(0.27, -0.58, -0.29)
(0.27, -0.58, -0.29)
(0.27, -0.58, -0.29)
(0.27, -0.58, -0.29)
(0.27, -0.58, -0.29)
(0.26, -0.58, -0.29)
(0.26, -0.58, -0.29)
(0.26, -0.58, -0.29)
(0.26, -0.59, -0.28)
(0.26, -0.59, -0.28)
(0.26, -0.59, -0.28)
(0.26, -0.59, -0.28)
(0.26, -0.59, -0.28)
(0.26, -0.59, -0.28)
(0.26, -0.59, -0.28)
(0.26, -0.59, -0.28)
(0.26, -0.59, -0.28)
(0.26, -0.59, -0.28)
(0.26, -0.59, -0.28)
(0.26, -0.59, -0.28)
(0.26, -0.59, -0.28)
(0.26, -0.59, -0.28)
(0.26, -0.59, -0.28)
(0.26, -0.59, -0.28)
(0.26, -0.59, -0.28)
(0.26, -0.59, -0.28)
(0.26, -0.59, -0.28)
(0.26, -0.59, -0.28)
(0.26, -0.59, -0.28)
(0.26, -0.59, -0.28)
(0.26, -0.59, -0.28)
(0.26, -0.59, -0.28)
(0.26, -0.59, -0.27)
(0.26, -0.59, -0.27)
(0.26, -0.59, -0.27)
(0.26, -0.59, -0.27)
(0.26, -0.59, -0.27)
(0.26, -0.59, -0.27)
(0.26, -0.59, -0.27)
(0.26, -0.59, -0.27)
(0.26, -0.59, -0.27)
(0.26, -0.60, -0.27)
(0.26, -0.60, -0.27)
(0.26, -0.60, -0.27)
(0.26, -0.60, -0.27)
(0.26, -0.60, -0.27)
(0.26, -0.60, -0.27)
(0.26, -0.60, -0.27)
(0.26, -0.60, -0.27)
(0.26, -0.60, -0.27)
(0.26, -0.60, -0.27)
(0.26, -0.60, -0.27)
(0.26, -0.60, -0.27)
(0.26, -0.60, -0.27)
(0.26, -0.60, -0.27)
(0.26, -0.60, -0.27)
(0.26, -0.60, -0.27)
(0.26, -0.60, -0.26)
(0.26, -0.60, -0.26)
(0.26, -0.60, -0.26)
(0.26, -0.60, -0.26)
(0.26, -0.60, -0.26)
(0.26, -0.60, -0.26)
(0.26, -0.60, -0.26)
(0.26, -0.60, -0.26)
(0.26, -0.60, -0.26)
(0.26, -0.60, -0.26)
(0.26, -0.60, -0.26)
(0.26, -0.60, -0.26)
(0.26, -0.60, -0.26)
(0.26, -0.60, -0.26)
(0.26, -0.60, -0.26)
(0.26, -0.60, -0.26)
(0.26, -0.60, -0.26)
(0.26, -0.60, -0.26)
(0.26, -0.61, -0.26)
(0.26, -0.61, -0.26)
(0.26, -0.61, -0.26)
(0.26, -0.61, -0.26)
(0.26, -0.61, -0.26)
(0.26, -0.61, -0.26)
(0.26, -0.61, -0.26)
(0.26, -0.61, -0.26)
(0.26, -0.61, -0.25)
(0.26, -0.61, -0.25)
(0.26, -0.61, -0.25)
(0.26, -0.61, -0.25)
(0.26, -0.61, -0.25)
(0.26, -0.61, -0.25)
(0.26, -0.61, -0.25)
(0.26, -0.61, -0.25)
(0.26, -0.61, -0.25)
(0.26, -0.61, -0.25)
(0.26, -0.61, -0.25)
(0.26, -0.61, -0.25)
(0.26, -0.61, -0.25)
(0.26, -0.61, -0.25)
(0.26, -0.61, -0.25)
(0.26, -0.61, -0.25)
(0.26, -0.61, -0.25)
(0.26, -0.61, -0.25)
(0.26, -0.61, -0.25)
(0.26, -0.61, -0.25)
(0.26, -0.61, -0.25)
(0.26, -0.61, -0.25)
(0.26, -0.61, -0.25)
(0.26, -0.61, -0.25)
(0.26, -0.61, -0.25)
(0.26, -0.61, -0.24)
(0.26, -0.62, -0.24)
(0.26, -0.62, -0.24)
(0.26, -0.62, -0.24)
(0.26, -0.62, -0.24)
(0.26, -0.62, -0.24)
(0.26, -0.62, -0.24)
(0.26, -0.62, -0.24)
(0.26, -0.62, -0.24)
(0.26, -0.62, -0.24)
(0.26, -0.62, -0.24)
(0.26, -0.62, -0.24)
(0.26, -0.62, -0.24)
(0.26, -0.62, -0.24)
(0.26, -0.62, -0.24)
(0.26, -0.62, -0.24)
(0.26, -0.62, -0.24)
(0.26, -0.62, -0.24)
(0.26, -0.62, -0.24)
(0.26, -0.62, -0.24)
(0.26, -0.62, -0.24)
(0.26, -0.62, -0.24)
(0.26, -0.62, -0.24)
(0.26, -0.62, -0.24)
(0.26, -0.62, -0.24)
(0.26, -0.62, -0.24)
(0.26, -0.62, -0.24)
(0.26, -0.62, -0.23)
(0.26, -0.62, -0.23)
(0.26, -0.62, -0.23)
(0.26, -0.62, -0.23)
(0.26, -0.62, -0.23)
(0.25, -0.62, -0.23)
(0.25, -0.62, -0.23)
(0.25, -0.62, -0.23)
(0.25, -0.62, -0.23)
(0.25, -0.63, -0.23)
(0.25, -0.63, -0.23)
(0.25, -0.63, -0.23)
(0.25, -0.63, -0.23)
(0.25, -0.63, -0.23)
(0.25, -0.63, -0.23)
(0.25, -0.63, -0.23)
(0.25, -0.63, -0.23)
(0.25, -0.63, -0.23)
(0.25, -0.63, -0.23)
(0.25, -0.63, -0.23)
(0.25, -0.63, -0.23)
(0.25, -0.63, -0.23)
(0.25, -0.63, -0.23)
(0.25, -0.63, -0.23)
(0.25, -0.63, -0.23)
(0.25, -0.63, -0.23)
(0.25, -0.63, -0.22)
(0.25, -0.63, -0.22)
(0.25, -0.63, -0.22)
(0.25, -0.63, -0.22)
(0.25, -0.63, -0.22)
(0.25, -0.63, -0.22)
(0.25, -0.63, -0.22)
(0.25, -0.63, -0.22)
(0.25, -0.63, -0.22)
(0.25, -0.63, -0.22)
(0.25, -0.63, -0.22)
(0.25, -0.63, -0.22)
(0.25, -0.63, -0.22)
(0.25, -0.63, -0.22)
(0.25, -0.63, -0.22)
(0.25, -0.63, -0.22)
(0.25, -0.63, -0.22)
(0.25, -0.63, -0.22)
(0.25, -0.64, -0.22)
(0.25, -0.64, -0.22)
(0.25, -0.64, -0.22)
(0.25, -0.64, -0.22)
(0.25, -0.64, -0.22)
(0.25, -0.64, -0.22)
(0.25, -0.64, -0.22)
(0.25, -0.64, -0.22)
(0.25, -0.64, -0.22)
(0.25, -0.64, -0.21)
(0.25, -0.64, -0.21)
(0.25, -0.64, -0.21)
(0.25, -0.64, -0.21)
(0.25, -0.64, -0.21)
(0.25, -0.64, -0.21)
(0.25, -0.64, -0.21)
(0.25, -0.64, -0.21)
(0.25, -0.64, -0.21)
(0.25, -0.64, -0.21)
(0.25, -0.64, -0.21)
(0.25, -0.64, -0.21)
(0.25, -0.64, -0.21)
(0.25, -0.64, -0.21)
(0.25, -0.64, -0.21)
(0.25, -0.64, -0.21)
(0.25, -0.64, -0.21)
(0.25, -0.64, -0.21)
(0.25, -0.64, -0.21)
(0.25, -0.64, -0.21)
(0.25, -0.64, -0.21)
(0.25, -0.64, -0.21)
(0.25, -0.64, -0.21)
(0.25, -0.64, -0.21)
(0.25, -0.64, -0.21)
(0.25, -0.64, -0.21)
(0.25, -0.64, -0.21)
(0.25, -0.65, -0.21)
(0.25, -0.65, -0.20)
(0.25, -0.65, -0.20)
(0.25, -0.65, -0.20)
(0.25, -0.65, -0.20)
(0.25, -0.65, -0.20)
(0.25, -0.65, -0.20)
(0.25, -0.65, -0.20)
(0.25, -0.65, -0.20)
(0.25, -0.65, -0.20)
(0.25, -0.65, -0.20)
(0.25, -0.65, -0.20)
(0.25, -0.65, -0.20)
(0.25, -0.65, -0.20)
(0.25, -0.65, -0.20)
(0.25, -0.65, -0.20)
(0.25, -0.65, -0.20)
(0.25, -0.65, -0.20)
(0.25, -0.65, -0.20)
(0.25, -0.65, -0.20)
(0.25, -0.65, -0.20)
(0.25, -0.65, -0.20)
(0.25, -0.65, -0.20)
(0.25, -0.65, -0.20)
(0.25, -0.65, -0.20)
(0.25, -0.65, -0.20)
(0.25, -0.65, -0.20)
(0.25, -0.65, -0.20)
(0.25, -0.65, -0.19)
(0.25, -0.65, -0.19)
(0.25, -0.65, -0.19)
(0.25, -0.65, -0.19)
(0.25, -0.65, -0.19)
(0.25, -0.65, -0.19)
(0.25, -0.65, -0.19)
(0.25, -0.65, -0.19)
(0.25, -0.65, -0.19)
(0.25, -0.65, -0.19)
(0.25, -0.66, -0.19)
(0.25, -0.66, -0.19)
(0.25, -0.66, -0.19)
(0.25, -0.66, -0.19)
(0.25, -0.66, -0.19)
(0.25, -0.66, -0.19)
(0.25, -0.66, -0.19)
(0.24, -0.66, -0.19)
(0.24, -0.66, -0.19)
(0.24, -0.66, -0.19)
(0.24, -0.66, -0.19)
(0.24, -0.66, -0.19)
(0.24, -0.66, -0.19)
(0.24, -0.66, -0.19)
(0.24, -0.66, -0.19)
(0.24, -0.66, -0.19)
(0.24, -0.66, -0.19)
(0.24, -0.66, -0.19)
(0.24, -0.66, -0.18)
(0.24, -0.66, -0.18)
(0.24, -0.66, -0.18)
(0.24, -0.66, -0.18)
(0.24, -0.66, -0.18)
(0.24, -0.66, -0.18)
(0.24, -0.66, -0.18)
(0.24, -0.66, -0.18)
(0.24, -0.66, -0.18)
(0.24, -0.66, -0.18)
(0.24, -0.66, -0.18)
(0.24, -0.66, -0.18)
(0.24, -0.66, -0.18)
(0.24, -0.66, -0.18)
(0.24, -0.66, -0.18)
(0.24, -0.66, -0.18)
(0.24, -0.66, -0.18)
(0.24, -0.66, -0.18)
(0.24, -0.66, -0.18)
(0.24, -0.66, -0.18)
(0.24, -0.67, -0.18)
(0.24, -0.67, -0.18)
(0.24, -0.67, -0.18)
(0.24, -0.67, -0.18)
(0.24, -0.67, -0.18)
(0.24, -0.67, -0.18)
(0.24, -0.67, -0.18)
(0.24, -0.67, -0.18)
(0.24, -0.67, -0.17)
(0.24, -0.67, -0.17)
(0.24, -0.67, -0.17)
(0.24, -0.67, -0.17)
(0.24, -0.67, -0.17)
(0.24, -0.67, -0.17)
(0.24, -0.67, -0.17)
(0.24, -0.67, -0.17)
(0.24, -0.67, -0.17)
(0.24, -0.67, -0.17)
(0.24, -0.67, -0.17)
(0.24, -0.67, -0.17)
(0.24, -0.67, -0.17)
(0.24, -0.67, -0.17)
(0.24, -0.67, -0.17)
(0.24, -0.67, -0.17)
(0.24, -0.67, -0.17)
(0.24, -0.67, -0.17)
(0.24, -0.67, -0.17)
(0.24, -0.67, -0.17)
(0.24, -0.67, -0.17)
(0.24, -0.67, -0.17)
(0.24, -0.67, -0.17)
(0.24, -0.67, -0.17)
(0.24, -0.67, -0.17)
(0.24, -0.67, -0.17)
(0.24, -0.67, -0.17)
(0.24, -0.67, -0.16)
(0.24, -0.67, -0.16)
(0.24, -0.67, -0.16)
(0.24, -0.67, -0.16)
(0.24, -0.67, -0.16)
(0.24, -0.68, -0.16)
(0.24, -0.68, -0.16)
(0.24, -0.68, -0.16)
(0.24, -0.68, -0.16)
(0.24, -0.68, -0.16)
(0.24, -0.68, -0.16)
(0.24, -0.68, -0.16)
(0.24, -0.68, -0.16)
(0.24, -0.68, -0.16)
(0.24, -0.68, -0.16)
(0.24, -0.68, -0.16)
(0.24, -0.68, -0.16)
(0.24, -0.68, -0.16)
(0.24, -0.68, -0.16)
(0.24, -0.68, -0.16)
(0.24, -0.68, -0.16)
(0.24, -0.68, -0.16)
(0.24, -0.68, -0.16)
(0.24, -0.68, -0.16)
(0.24, -0.68, -0.16)
(0.24, -0.68, -0.16)
(0.24, -0.68, -0.16)
(0.24, -0.68, -0.16)
(0.24, -0.68, -0.15)
(0.24, -0.68, -0.15)
(0.24, -0.68, -0.15)
(0.24, -0.68, -0.15)
(0.24, -0.68, -0.15)
(0.24, -0.68, -0.15)
(0.24, -0.68, -0.15)
(0.24, -0.68, -0.15)
(0.24, -0.68, -0.15)
(0.24, -0.68, -0.15)
(0.24, -0.68, -0.15)
(0.24, -0.68, -0.15)
(0.24, -0.68, -0.15)
(0.24, -0.68, -0.15)
(0.24, -0.68, -0.15)
(0.24, -0.68, -0.15)
(0.24, -0.68, -0.15)
(0.23, -0.68, -0.15)
(0.23, -0.69, -0.15)
(0.23, -0.69, -0.15)
(0.23, -0.69, -0.15)
(0.23, -0.69, -0.15)
(0.23, -0.69, -0.15)
(0.23, -0.69, -0.15)
(0.23, -0.69, -0.15)
(0.23, -0.69, -0.15)
(0.23, -0.69, -0.15)
(0.23, -0.69, -0.14)
(0.23, -0.69, -0.14)
(0.23, -0.69, -0.14)
(0.23, -0.69, -0.14)
(0.23, -0.69, -0.14)
(0.23, -0.69, -0.14)
(0.23, -0.69, -0.14)
(0.23, -0.69, -0.14)
(0.23, -0.69, -0.14)
(0.23, -0.69, -0.14)
(0.23, -0.69, -0.14)
(0.23, -0.69, -0.14)
(0.23, -0.69, -0.14)
(0.23, -0.69, -0.14)
(0.23, -0.69, -0.14)
(0.23, -0.69, -0.14)
(0.23, -0.69, -0.14)
(0.23, -0.69, -0.14)
(0.23, -0.69, -0.14)
(0.23, -0.69, -0.14)
(0.23, -0.69, -0.14)
(0.23, -0.69, -0.14)
(0.23, -0.69, -0.14)
(0.23, -0.69, -0.14)
(0.23, -0.69, -0.14)
(0.23, -0.69, -0.14)
(0.23, -0.69, -0.14)
(0.23, -0.69, -0.13)
(0.23, -0.69, -0.13)
(0.23, -0.69, -0.13)
(0.23, -0.69, -0.13)
(0.23, -0.69, -0.13)
(0.23, -0.69, -0.13)
(0.23, -0.69, -0.13)
(0.23, -0.70, -0.13)
(0.23, -0.70, -0.13)
(0.23, -0.70, -0.13)
(0.23, -0.70, -0.13)
(0.23, -0.70, -0.13)
(0.23, -0.70, -0.13)
(0.23, -0.70, -0.13)
(0.23, -0.70, -0.13)
(0.23, -0.70, -0.13)
(0.23, -0.70, -0.13)
(0.23, -0.70, -0.13)
(0.23, -0.70, -0.13)
(0.23, -0.70, -0.13)
(0.23, -0.70, -0.13)
(0.23, -0.70, -0.13)
(0.23, -0.70, -0.13)
(0.23, -0.70, -0.13)
(0.23, -0.70, -0.13)
(0.23, -0.70, -0.13)
(0.23, -0.70, -0.12)
(0.23, -0.70, -0.12)
(0.23, -0.70, -0.12)
(0.23, -0.70, -0.12)
(0.23, -0.70, -0.12)
(0.23, -0.70, -0.12)
(0.23, -0.70, -0.12)
(0.23, -0.70, -0.12)
(0.23, -0.70, -0.12)
(0.23, -0.70, -0.12)
(0.23, -0.70, -0.12)
(0.23, -0.70, -0.12)
(0.23, -0.70, -0.12)
(0.23, -0.70, -0.12)
(0.23, -0.70, -0.12)
(0.23, -0.70, -0.12)
(0.23, -0.70, -0.12)
(0.23, -0.70, -0.12)
(0.23, -0.70, -0.12)
(0.23, -0.70, -0.12)
(0.23, -0.70, -0.12)
(0.23, -0.70, -0.12)
(0.23, -0.70, -0.12)
(0.23, -0.70, -0.12)
(0.23, -0.70, -0.12)
(0.23, -0.70, -0.12)
(0.23, -0.71, -0.11)
(0.23, -0.71, -0.11)
(0.23, -0.71, -0.11)
(0.23, -0.71, -0.11)
(0.23, -0.71, -0.11)
(0.23, -0.71, -0.11)
(0.23, -0.71, -0.11)
(0.23, -0.71, -0.11)
(0.23, -0.71, -0.11)
(0.23, -0.71, -0.11)
(0.23, -0.71, -0.11)
(0.23, -0.71, -0.11)
(0.23, -0.71, -0.11)
(0.23, -0.71, -0.11)
(0.23, -0.71, -0.11)
(0.22, -0.71, -0.11)
(0.22, -0.71, -0.11)
(0.22, -0.71, -0.11)
(0.22, -0.71, -0.11)
(0.22, -0.71, -0.11)
(0.22, -0.71, -0.11)
(0.22, -0.71, -0.11)
(0.22, -0.71, -0.11)
(0.22, -0.71, -0.11)
(0.22, -0.71, -0.11)
(0.22, -0.71, -0.10)
(0.22, -0.71, -0.10)
(0.22, -0.71, -0.10)
(0.22, -0.71, -0.10)
(0.22, -0.71, -0.10)
(0.22, -0.71, -0.10)
(0.22, -0.71, -0.10)
(0.22, -0.71, -0.10)
(0.22, -0.71, -0.10)
(0.22, -0.71, -0.10)
(0.22, -0.71, -0.10)
(0.22, -0.71, -0.10)
(0.22, -0.71, -0.10)
(0.22, -0.71, -0.10)
(0.22, -0.71, -0.10)
(0.22, -0.71, -0.10)
(0.22, -0.71, -0.10)
(0.22, -0.71, -0.10)
(0.22, -0.71, -0.10)
(0.22, -0.71, -0.10)
(0.22, -0.71, -0.10)
(0.22, -0.71, -0.10)
(0.22, -0.72, -0.10)
(0.22, -0.72, -0.10)
(0.22, -0.72, -0.10)
(0.22, -0.72, -0.09)
(0.22, -0.72, -0.09)
(0.22, -0.72, -0.09)
(0.22, -0.72, -0.09)
(0.22, -0.72, -0.09)
(0.22, -0.72, -0.09)
(0.22, -0.72, -0.09)
(0.22, -0.72, -0.09)
(0.22, -0.72, -0.09)
(0.22, -0.72, -0.09)
(0.22, -0.72, -0.09)
(0.22, -0.72, -0.09)
(0.22, -0.72, -0.09)
(0.22, -0.72, -0.09)
(0.22, -0.72, -0.09)
(0.22, -0.72, -0.09)
(0.22, -0.72, -0.09)
(0.22, -0.72, -0.09)
(0.22, -0.72, -0.09)
(0.22, -0.72, -0.09)
(0.22, -0.72, -0.09)
(0.22, -0.72, -0.09)
(0.22, -0.72, -0.09)
(0.22, -0.72, -0.09)
(0.22, -0.72, -0.08)
(0.22, -0.72, -0.08)
(0.22, -0.72, -0.08)
(0.22, -0.72, -0.08)
(0.22, -0.72, -0.08)
(0.22, -0.72, -0.08)
(0.22, -0.72, -0.08)
(0.22, -0.72, -0.08)
(0.22, -0.72, -0.08)
(0.22, -0.72, -0.08)
(0.22, -0.72, -0.08)
(0.22, -0.72, -0.08)
(0.22, -0.72, -0.08)
(0.22, -0.72, -0.08)
(0.22, -0.72, -0.08)
(0.22, -0.72, -0.08)
(0.22, -0.72, -0.08)
(0.22, -0.72, -0.08)
(0.22, -0.72, -0.08)
(0.22, -0.72, -0.08)
(0.22, -0.72, -0.08)
(0.22, -0.72, -0.08)
(0.22, -0.72, -0.08)
(0.22, -0.72, -0.07)
(0.22, -0.73, -0.07)
(0.22, -0.73, -0.07)
(0.22, -0.73, -0.07)
(0.22, -0.73, -0.07)
(0.22, -0.73, -0.07)
(0.22, -0.73, -0.07)
(0.22, -0.73, -0.07)
(0.22, -0.73, -0.07)
(0.22, -0.73, -0.07)
(0.22, -0.73, -0.07)
(0.22, -0.73, -0.07)
(0.22, -0.73, -0.07)
(0.22, -0.73, -0.07)
(0.22, -0.73, -0.07)
(0.22, -0.73, -0.07)
(0.21, -0.73, -0.07)
(0.21, -0.73, -0.07)
(0.21, -0.73, -0.07)
(0.21, -0.73, -0.07)
(0.21, -0.73, -0.07)
(0.21, -0.73, -0.07)
(0.21, -0.73, -0.07)
(0.21, -0.73, -0.06)
(0.21, -0.73, -0.06)
(0.21, -0.73, -0.06)
(0.21, -0.73, -0.06)
(0.21, -0.73, -0.06)
(0.21, -0.73, -0.06)
(0.21, -0.73, -0.06)
(0.21, -0.73, -0.06)
(0.21, -0.73, -0.06)
(0.21, -0.73, -0.06)
(0.21, -0.73, -0.06)
(0.21, -0.73, -0.06)
(0.21, -0.73, -0.06)
(0.21, -0.73, -0.06)
(0.21, -0.73, -0.06)
(0.21, -0.73, -0.06)
(0.21, -0.73, -0.06)
(0.21, -0.73, -0.06)
(0.21, -0.73, -0.06)
(0.21, -0.73, -0.06)
(0.21, -0.73, -0.06)
(0.21, -0.73, -0.06)
(0.21, -0.73, -0.06)
(0.21, -0.73, -0.05)
(0.21, -0.73, -0.05)
(0.21, -0.73, -0.05)
(0.21, -0.73, -0.05)
(0.21, -0.73, -0.05)
(0.21, -0.73, -0.05)
(0.21, -0.73, -0.05)
(0.21, -0.73, -0.05)
(0.21, -0.73, -0.05)
(0.21, -0.73, -0.05)
(0.21, -0.74, -0.05)
(0.21, -0.74, -0.05)
(0.21, -0.74, -0.05)
(0.21, -0.74, -0.05)
(0.21, -0.74, -0.05)
(0.21, -0.74, -0.05)
(0.21, -0.74, -0.05)
(0.21, -0.74, -0.05)
(0.21, -0.74, -0.05)
(0.21, -0.74, -0.05)
(0.21, -0.74, -0.05)
(0.21, -0.74, -0.05)
(0.21, -0.74, -0.04)
(0.21, -0.74, -0.04)
(0.21, -0.74, -0.04)
(0.21, -0.74, -0.04)
(0.21, -0.74, -0.04)
(0.21, -0.74, -0.04)
(0.21, -0.74, -0.04)
(0.21, -0.74, -0.04)
(0.21, -0.74, -0.04)
(0.21, -0.74, -0.04)
(0.21, -0.74, -0.04)
(0.21, -0.74, -0.04)
(0.21, -0.74, -0.04)
(0.21, -0.74, -0.04)
(0.21, -0.74, -0.04)
(0.21, -0.74, -0.04)
(0.21, -0.74, -0.04)
(0.21, -0.74, -0.04)
(0.21, -0.74, -0.04)
(0.21, -0.74, -0.04)
(0.21, -0.74, -0.04)
(0.21, -0.74, -0.03)
(0.21, -0.74, -0.03)
(0.21, -0.74, -0.03)
(0.21, -0.74, -0.03)
(0.21, -0.74, -0.03)
(0.21, -0.74, -0.03)
(0.21, -0.74, -0.03)
(0.21, -0.74, -0.03)
(0.21, -0.74, -0.03)
(0.21, -0.74, -0.03)
(0.21, -0.74, -0.03)
(0.21, -0.74, -0.03)
(0.21, -0.74, -0.03)
(0.21, -0.74, -0.03)
(0.21, -0.74, -0.03)
(0.21, -0.74, -0.03)
(0.21, -0.74, -0.03)
(0.21, -0.74, -0.03)
(0.21, -0.74, -0.03)
(0.21, -0.74, -0.03)
(0.20, -0.74, -0.03)
(0.20, -0.74, -0.03)
(0.20, -0.74, -0.02)
(0.20, -0.74, -0.02)
(0.20, -0.74, -0.02)
(0.20, -0.74, -0.02)
(0.20, -0.74, -0.02)
(0.20, -0.74, -0.02)
(0.20, -0.74, -0.02)
(0.20, -0.75, -0.02)
(0.20, -0.75, -0.02)
(0.20, -0.75, -0.02)
(0.20, -0.75, -0.02)
(0.20, -0.75, -0.02)
(0.20, -0.75, -0.02)
(0.20, -0.75, -0.02)
(0.20, -0.75, -0.02)
(0.20, -0.75, -0.02)
(0.20, -0.75, -0.02)
(0.20, -0.75, -0.02)
(0.20, -0.75, -0.02)
(0.20, -0.75, -0.02)
(0.20, -0.75, -0.01)
(0.20, -0.75, -0.01)
(0.20, -0.75, -0.01)
(0.20, -0.75, -0.01)
(0.20, -0.75, -0.01)
(0.20, -0.75, -0.01)
(0.20, -0.75, -0.01)
(0.20, -0.75, -0.01)
(0.20, -0.75, -0.01)
(0.20, -0.75, -0.01)
(0.20, -0.75, -0.01)
(0.20, -0.75, -0.01)
(0.20, -0.75, -0.01)
(0.20, -0.75, -0.01)
(0.20, -0.75, -0.01)
(0.20, -0.75, -0.01)
(0.20, -0.75, -0.01)
(0.20, -0.75, -0.01)
(0.20, -0.75, -0.01)
(0.20, -0.75, -0.01)
(0.20, -0.75, -0.01)
(0.20, -0.75, 0.00)
(0.20, -0.75, 0.00)
(0.20, -0.75, 0.00)
(0.20, -0.75, 0.00)
(0.20, -0.75, 0.00)
(0.20, -0.75, 0.00)
(0.20, -0.75, 0.00)
(0.20, -0.75, 0.00)
(0.20, -0.75, 0.00)
(0.20, -0.75, 0.00)
(0.20, -0.75, 0.00)
(0.20, -0.75, 0.00)
(0.20, -0.75, 0.00)
(0.20, -0.75, 0.00)
(0.20, -0.75, 0.00)
(0.20, -0.75, 0.00)
(0.20, -0.75, 0.00)
(0.20, -0.75, 0.00)
(0.20, -0.75, 0.00)
(0.20, -0.75, 0.00)
(0.20, -0.75, 0.01)
(0.20, -0.75, 0.01)
(0.20, -0.75, 0.01)
(0.20, -0.75, 0.01)
(0.20, -0.75, 0.01)
(0.20, -0.75, 0.01)
(0.20, -0.75, 0.01)
(0.20, -0.75, 0.01)
(0.20, -0.75, 0.01)
(0.20, -0.75, 0.01)
(0.20, -0.75, 0.01)
(0.20, -0.75, 0.01)
(0.20, -0.75, 0.01)
(0.20, -0.75, 0.01)
(0.20, -0.75, 0.01)
(0.20, -0.75, 0.01)
(0.20, -0.76, 0.01)
(0.20, -0.76, 0.01)
(0.20, -0.76, 0.01)
(0.20, -0.76, 0.01)
(0.20, -0.76, 0.02)
(0.20, -0.76, 0.02)
(0.20, -0.76, 0.02)
(0.20, -0.76, 0.02)
(0.20, -0.76, 0.02)
(0.20, -0.76, 0.02)
(0.20, -0.76, 0.02)
(0.19, -0.76, 0.02)
(0.19, -0.76, 0.02)
(0.19, -0.76, 0.02)
(0.19, -0.76, 0.02)
(0.19, -0.76, 0.02)
(0.19, -0.76, 0.02)
(0.19, -0.76, 0.02)
(0.19, -0.76, 0.02)
(0.19, -0.76, 0.02)
(0.19, -0.76, 0.02)
(0.19, -0.76, 0.02)
(0.19, -0.76, 0.02)
(0.19, -0.76, 0.03)
(0.19, -0.76, 0.03)
(0.19, -0.76, 0.03)
(0.19, -0.76, 0.03)
(0.19, -0.76, 0.03)
(0.19, -0.76, 0.03)
(0.19, -0.76, 0.03)
(0.19, -0.76, 0.03)
(0.19, -0.76, 0.03)
(0.19, -0.76, 0.03)
(0.19, -0.76, 0.03)
(0.19, -0.76, 0.03)
(0.19, -0.76, 0.03)
(0.19, -0.76, 0.03)
(0.19, -0.76, 0.03)
(0.19, -0.76, 0.03)
(0.19, -0.76, 0.03)
(0.19, -0.76, 0.03)
(0.19, -0.76, 0.03)
(0.19, -0.76, 0.04)
(0.19, -0.76, 0.04)
(0.19, -0.76, 0.04)
(0.19, -0.76, 0.04)
(0.19, -0.76, 0.04)
(0.19, -0.76, 0.04)
(0.19, -0.76, 0.04)
(0.19, -0.76, 0.04)
(0.19, -0.76, 0.04)
(0.19, -0.76, 0.04)
(0.19, -0.76, 0.04)
(0.19, -0.76, 0.04)
(0.19, -0.76, 0.04)
(0.19, -0.76, 0.04)
(0.19, -0.76, 0.04)
(0.19, -0.76, 0.04)
(0.19, -0.76, 0.04)
(0.19, -0.76, 0.04)
(0.19, -0.76, 0.04)
(0.19, -0.76, 0.05)
(0.19, -0.76, 0.05)
(0.19, -0.76, 0.05)
(0.19, -0.76, 0.05)
(0.19, -0.76, 0.05)
(0.19, -0.76, 0.05)
(0.19, -0.76, 0.05)
(0.19, -0.76, 0.05)
(0.19, -0.76, 0.05)
(0.19, -0.76, 0.05)
(0.19, -0.76, 0.05)
(0.19, -0.76, 0.05)
(0.19, -0.76, 0.05)
(0.19, -0.76, 0.05)
(0.19, -0.76, 0.05)
(0.19, -0.76, 0.05)
(0.19, -0.76, 0.05)
(0.19, -0.76, 0.05)
(0.19, -0.76, 0.05)
(0.19, -0.76, 0.06)
(0.19, -0.76, 0.06)
(0.19, -0.76, 0.06)
(0.19, -0.76, 0.06)
(0.19, -0.76, 0.06)
(0.19, -0.76, 0.06)
(0.19, -0.77, 0.06)
(0.19, -0.77, 0.06)
(0.19, -0.77, 0.06)
(0.19, -0.77, 0.06)
(0.19, -0.77, 0.06)
(0.19, -0.77, 0.06)
(0.19, -0.77, 0.06)
(0.19, -0.77, 0.06)
(0.19, -0.77, 0.06)
(0.19, -0.77, 0.06)
(0.19, -0.77, 0.06)
(0.18, -0.77, 0.06)
(0.18, -0.77, 0.07)
(0.18, -0.77, 0.07)
(0.18, -0.77, 0.07)
(0.18, -0.77, 0.07)
(0.18, -0.77, 0.07)
(0.18, -0.77, 0.07)
(0.18, -0.77, 0.07)
(0.18, -0.77, 0.07)
(0.18, -0.77, 0.07)
(0.18, -0.77, 0.07)
(0.18, -0.77, 0.07)
(0.18, -0.77, 0.07)
(0.18, -0.77, 0.07)
(0.18, -0.77, 0.07)
(0.18, -0.77, 0.07)
(0.18, -0.77, 0.07)
(0.18, -0.77, 0.07)
(0.18, -0.77, 0.07)
(0.18, -0.77, 0.08)
(0.18, -0.77, 0.08)
(0.18, -0.77, 0.08)
(0.18, -0.77, 0.08)
(0.18, -0.77, 0.08)
(0.18, -0.77, 0.08)
(0.18, -0.77, 0.08)
(0.18, -0.77, 0.08)
(0.18, -0.77, 0.08)
(0.18, -0.77, 0.08)
(0.18, -0.77, 0.08)
(0.18, -0.77, 0.08)
(0.18, -0.77, 0.08)
(0.18, -0.77, 0.08)
(0.18, -0.77, 0.08)
(0.18, -0.77, 0.08)
(0.18, -0.77, 0.08)
(0.18, -0.77, 0.08)
(0.18, -0.77, 0.09)
(0.18, -0.77, 0.09)
(0.18, -0.77, 0.09)
(0.18, -0.77, 0.09)
(0.18, -0.77, 0.09)
(0.18, -0.77, 0.09)
(0.18, -0.77, 0.09)
(0.18, -0.77, 0.09)
(0.18, -0.77, 0.09)
(0.18, -0.77, 0.09)
(0.18, -0.77, 0.09)
(0.18, -0.77, 0.09)
(0.18, -0.77, 0.09)
(0.18, -0.77, 0.09)
(0.18, -0.77, 0.09)
(0.18, -0.77, 0.09)
(0.18, -0.77, 0.09)
(0.18, -0.77, 0.09)
(0.18, -0.77, 0.10)
(0.18, -0.77, 0.10)
(0.18, -0.77, 0.10)
(0.18, -0.77, 0.10)
(0.18, -0.77, 0.10)
(0.18, -0.77, 0.10)
(0.18, -0.77, 0.10)
(0.18, -0.77, 0.10)
(0.18, -0.77, 0.10)
(0.18, -0.77, 0.10)
(0.18, -0.77, 0.10)
(0.18, -0.77, 0.10)
(0.18, -0.77, 0.10)
(0.18, -0.77, 0.10)
(0.18, -0.77, 0.10)
(0.18, -0.77, 0.10)
(0.18, -0.77, 0.10)
(0.18, -0.77, 0.10)
(0.18, -0.77, 0.11)
(0.18, -0.77, 0.11)
(0.18, -0.77, 0.11)
(0.18, -0.77, 0.11)
(0.18, -0.77, 0.11)
(0.18, -0.77, 0.11)
(0.18, -0.77, 0.11)
(0.18, -0.77, 0.11)
(0.18, -0.77, 0.11)
(0.18, -0.77, 0.11)
(0.18, -0.77, 0.11)
(0.17, -0.77, 0.11)
(0.17, -0.77, 0.11)
(0.17, -0.77, 0.11)
(0.17, -0.77, 0.11)
(0.17, -0.77, 0.11)
(0.17, -0.77, 0.11)
(0.17, -0.77, 0.12)
(0.17, -0.77, 0.12)
(0.17, -0.77, 0.12)
(0.17, -0.77, 0.12)
(0.17, -0.77, 0.12)
(0.17, -0.77, 0.12)
(0.17, -0.77, 0.12)
(0.17, -0.77, 0.12)
(0.17, -0.77, 0.12)
(0.17, -0.77, 0.12)
(0.17, -0.77, 0.12)
(0.17, -0.77, 0.12)
(0.17, -0.77, 0.12)
(0.17, -0.77, 0.12)
(0.17, -0.77, 0.12)
(0.17, -0.77, 0.12)
(0.17, -0.77, 0.12)
(0.17, -0.77, 0.13)
(0.17, -0.77, 0.13)
(0.17, -0.77, 0.13)
(0.17, -0.77, 0.13)
(0.17, -0.77, 0.13)
(0.17, -0.77, 0.13)
(0.17, -0.78, 0.13)
(0.17, -0.78, 0.13)
(0.17, -0.78, 0.13)
(0.17, -0.78, 0.13)
(0.17, -0.78, 0.13)
(0.17, -0.78, 0.13)
(0.17, -0.78, 0.13)
(0.17, -0.78, 0.13)
(0.17, -0.78, 0.13)
(0.17, -0.78, 0.13)
(0.17, -0.78, 0.13)
(0.17, -0.78, 0.13)
(0.17, -0.78, 0.14)
(0.17, -0.78, 0.14)
(0.17, -0.78, 0.14)
(0.17, -0.78, 0.14)
(0.17, -0.78, 0.14)
(0.17, -0.78, 0.14)
(0.17, -0.78, 0.14)
(0.17, -0.78, 0.14)
(0.17, -0.78, 0.14)
(0.17, -0.78, 0.14)
(0.17, -0.78, 0.14)
(0.17, -0.78, 0.14)
(0.17, -0.78, 0.14)
(0.17, -0.78, 0.14)
(0.17, -0.78, 0.14)
(0.17, -0.78, 0.14)
(0.17, -0.78, 0.14)
(0.17, -0.78, 0.15)
(0.17, -0.78, 0.15)
(0.17, -0.78, 0.15)
(0.17, -0.78, 0.15)
(0.17, -0.78, 0.15)
(0.17, -0.78, 0.15)
(0.17, -0.78, 0.15)
(0.17, -0.78, 0.15)
(0.17, -0.78, 0.15)
(0.17, -0.78, 0.15)
(0.17, -0.78, 0.15)
(0.17, -0.78, 0.15)
(0.17, -0.78, 0.15)
(0.17, -0.78, 0.15)
(0.17, -0.78, 0.15)
(0.17, -0.78, 0.15)
(0.17, -0.78, 0.15)
(0.17, -0.78, 0.16)
(0.17, -0.78, 0.16)
(0.17, -0.78, 0.16)
(0.17, -0.78, 0.16)
(0.17, -0.78, 0.16)
(0.17, -0.78, 0.16)
(0.17, -0.78, 0.16)
(0.16, -0.78, 0.16)
(0.16, -0.78, 0.16)
(0.16, -0.78, 0.16)
(0.16, -0.78, 0.16)
(0.16, -0.78, 0.16)
(0.16, -0.78, 0.16)
(0.16, -0.78, 0.16)
(0.16, -0.78, 0.16)
(0.16, -0.78, 0.16)
(0.16, -0.78, 0.16)
(0.16, -0.78, 0.17)
(0.16, -0.78, 0.17)
(0.16, -0.78, 0.17)
(0.16, -0.78, 0.17)
(0.16, -0.78, 0.17)
(0.16, -0.78, 0.17)
(0.16, -0.78, 0.17)
(0.16, -0.78, 0.17)
(0.16, -0.78, 0.17)
(0.16, -0.78, 0.17)
(0.16, -0.78, 0.17)
(0.16, -0.78, 0.17)
(0.16, -0.78, 0.17)
(0.16, -0.78, 0.17)
(0.16, -0.78, 0.17)
(0.16, -0.78, 0.17)
(0.16, -0.78, 0.18)
(0.16, -0.78, 0.18)
(0.16, -0.78, 0.18)
(0.16, -0.78, 0.18)
(0.16, -0.78, 0.18)
(0.16, -0.78, 0.18)
(0.16, -0.78, 0.18)
(0.16, -0.78, 0.18)
(0.16, -0.78, 0.18)
(0.16, -0.78, 0.18)
(0.16, -0.78, 0.18)
(0.16, -0.78, 0.18)
(0.16, -0.78, 0.18)
(0.16, -0.78, 0.18)
(0.16, -0.78, 0.18)
(0.16, -0.78, 0.18)
(0.16, -0.78, 0.18)
(0.16, -0.78, 0.19)
(0.16, -0.78, 0.19)
(0.16, -0.78, 0.19)
(0.16, -0.78, 0.19)
(0.16, -0.78, 0.19)
(0.16, -0.78, 0.19)
(0.16, -0.78, 0.19)
(0.16, -0.78, 0.19)
(0.16, -0.78, 0.19)
(0.16, -0.78, 0.19)
(0.16, -0.78, 0.19)
(0.16, -0.78, 0.19)
(0.16, -0.78, 0.19)
(0.16, -0.78, 0.19)
(0.16, -0.78, 0.19)
(0.16, -0.78, 0.19)
(0.16, -0.78, 0.19)
(0.16, -0.78, 0.20)
(0.16, -0.78, 0.20)
(0.16, -0.78, 0.20)
(0.16, -0.78, 0.20)
(0.16, -0.78, 0.20)
(0.16, -0.78, 0.20)
(0.16, -0.78, 0.20)
(0.16, -0.78, 0.20)
(0.16, -0.78, 0.20)
(0.16, -0.78, 0.20)
(0.16, -0.78, 0.20)
(0.16, -0.78, 0.20)
(0.16, -0.78, 0.20)
(0.16, -0.78, 0.20)
(0.16, -0.78, 0.20)
(0.16, -0.78, 0.20)
(0.16, -0.78, 0.21)
(0.16, -0.78, 0.21)
(0.16, -0.78, 0.21)
(0.16, -0.78, 0.21)
(0.15, -0.78, 0.21)
(0.15, -0.78, 0.21)
(0.15, -0.78, 0.21)
(0.15, -0.78, 0.21)
(0.15, -0.78, 0.21)
(0.15, -0.78, 0.21)
(0.15, -0.78, 0.21)
(0.15, -0.78, 0.21)
(0.15, -0.78, 0.21)
(0.15, -0.78, 0.21)
(0.15, -0.78, 0.21)
(0.15, -0.78, 0.21)
(0.15, -0.78, 0.21)
(0.15, -0.78, 0.22)
(0.15, -0.78, 0.22)
(0.15, -0.78, 0.22)
(0.15, -0.78, 0.22)
(0.15, -0.78, 0.22)
(0.15, -0.78, 0.22)
(0.15, -0.78, 0.22)
(0.15, -0.78, 0.22)
(0.15, -0.78, 0.22)
(0.15, -0.78, 0.22)
(0.15, -0.78, 0.22)
(0.15, -0.78, 0.22)
(0.15, -0.78, 0.22)
(0.15, -0.78, 0.22)
(0.15, -0.78, 0.22)
(0.15, -0.78, 0.22)
(0.15, -0.78, 0.22)
(0.15, -0.78, 0.23)
(0.15, -0.78, 0.23)
(0.15, -0.78, 0.23)
(0.15, -0.78, 0.23)
(0.15, -0.78, 0.23)
(0.15, -0.78, 0.23)
(0.15, -0.78, 0.23)
(0.15, -0.78, 0.23)
(0.15, -0.78, 0.23)
(0.15, -0.78, 0.23)
(0.15, -0.78, 0.23)
(0.15, -0.78, 0.23)
(0.15, -0.78, 0.23)
(0.15, -0.78, 0.23)
(0.15, -0.78, 0.23)
(0.15, -0.78, 0.23)
(0.15, -0.78, 0.24)
(0.15, -0.78, 0.24)
(0.15, -0.78, 0.24)
(0.15, -0.78, 0.24)
(0.15, -0.78, 0.24)
(0.15, -0.78, 0.24)
(0.15, -0.78, 0.24)
(0.15, -0.78, 0.24)
(0.15, -0.78, 0.24)
(0.15, -0.78, 0.24)
(0.15, -0.78, 0.24)
(0.15, -0.78, 0.24)
(0.15, -0.78, 0.24)
(0.15, -0.78, 0.24)
(0.15, -0.78, 0.24)
(0.15, -0.78, 0.24)
(0.15, -0.78, 0.24)
(0.15, -0.78, 0.25)
(0.15, -0.78, 0.25)
(0.15, -0.78, 0.25)
(0.15, -0.78, 0.25)
(0.15, -0.78, 0.25)
(0.15, -0.78, 0.25)
(0.15, -0.78, 0.25)
(0.15, -0.78, 0.25)
(0.15, -0.78, 0.25)
(0.15, -0.78, 0.25)
(0.15, -0.78, 0.25)
(0.15, -0.78, 0.25)
(0.15, -0.78, 0.25)
(0.15, -0.78, 0.25)
(0.15, -0.78, 0.25)
(0.14, -0.78, 0.25)
(0.14, -0.78, 0.26)
(0.14, -0.78, 0.26)
(0.14, -0.78, 0.26)
(0.14, -0.78, 0.26)
(0.14, -0.78, 0.26)
(0.14, -0.78, 0.26)
(0.14, -0.78, 0.26)
(0.14, -0.78, 0.26)
(0.14, -0.78, 0.26)
(0.14, -0.78, 0.26)
(0.14, -0.78, 0.26)
(0.14, -0.78, 0.26)
(0.14, -0.78, 0.26)
(0.14, -0.78, 0.26)
(0.14, -0.78, 0.26)
(0.14, -0.78, 0.26)
(0.14, -0.78, 0.26)
(0.14, -0.78, 0.27)
(0.14, -0.78, 0.27)
(0.14, -0.78, 0.27)
(0.14, -0.78, 0.27)
(0.14, -0.78, 0.27)
(0.14, -0.78, 0.27)
(0.14, -0.78, 0.27)
(0.14, -0.78, 0.27)
(0.14, -0.78, 0.27)
(0.14, -0.78, 0.27)
(0.14, -0.78, 0.27)
(0.14, -0.78, 0.27)
(0.14, -0.78, 0.27)
(0.14, -0.78, 0.27)
(0.14, -0.78, 0.27)
(0.14, -0.78, 0.27)
(0.14, -0.78, 0.27)
(0.14, -0.78, 0.28)
(0.14, -0.78, 0.28)
(0.14, -0.78, 0.28)
(0.14, -0.78, 0.28)
(0.14, -0.78, 0.28)
(0.14, -0.78, 0.28)
(0.14, -0.78, 0.28)
(0.14, -0.78, 0.28)
(0.14, -0.78, 0.28)
(0.14, -0.78, 0.28)
(0.14, -0.78, 0.28)
(0.14, -0.78, 0.28)
(0.14, -0.78, 0.28)
(0.14, -0.78, 0.28)
(0.14, -0.78, 0.28)
(0.14, -0.78, 0.28)
(0.14, -0.78, 0.29)
(0.14, -0.78, 0.29)
(0.14, -0.78, 0.29)
(0.14, -0.78, 0.29)
(0.14, -0.78, 0.29)
(0.14, -0.78, 0.29)
(0.14, -0.78, 0.29)
(0.14, -0.78, 0.29)
(0.14, -0.78, 0.29)
(0.14, -0.78, 0.29)
(0.14, -0.78, 0.29)
(0.14, -0.78, 0.29)
(0.14, -0.78, 0.29)
(0.14, -0.78, 0.29)
(0.14, -0.78, 0.29)
(0.14, -0.78, 0.29)
(0.14, -0.78, 0.29)
(0.14, -0.78, 0.30)
(0.14, -0.78, 0.30)
(0.14, -0.78, 0.30)
(0.14, -0.78, 0.30)
(0.14, -0.78, 0.30)
(0.14, -0.78, 0.30)
(0.14, -0.78, 0.30)
(0.14, -0.78, 0.30)
(0.14, -0.78, 0.30)
(0.13, -0.78, 0.30)
(0.13, -0.78, 0.30)
(0.13, -0.78, 0.30)
(0.13, -0.78, 0.30)
(0.13, -0.78, 0.30)
(0.13, -0.78, 0.30)
(0.13, -0.78, 0.30)
(0.13, -0.78, 0.30)
(0.13, -0.78, 0.31)
(0.13, -0.78, 0.31)
(0.13, -0.78, 0.31)
(0.13, -0.78, 0.31)
(0.13, -0.78, 0.31)
(0.13, -0.78, 0.31)
(0.13, -0.78, 0.31)
(0.13, -0.78, 0.31)
(0.13, -0.78, 0.31)
(0.13, -0.78, 0.31)
(0.13, -0.78, 0.31)
(0.13, -0.78, 0.31)
(0.13, -0.78, 0.31)
(0.13, -0.78, 0.31)
(0.13, -0.78, 0.31)
(0.13, -0.78, 0.31)
(0.13, -0.78, 0.31)
(0.13, -0.78, 0.32)
(0.13, -0.78, 0.32)
(0.13, -0.78, 0.32)
(0.13, -0.78, 0.32)
(0.13, -0.78, 0.32)
(0.13, -0.78, 0.32)
(0.13, -0.78, 0.32)
(0.13, -0.78, 0.32)
(0.13, -0.78, 0.32)
(0.13, -0.78, 0.32)
(0.13, -0.78, 0.32)
(0.13, -0.78, 0.32)
(0.13, -0.78, 0.32)
(0.13, -0.78, 0.32)
(0.13, -0.78, 0.32)
(0.13, -0.78, 0.32)
(0.13, -0.77, 0.33)
(0.13, -0.77, 0.33)
(0.13, -0.77, 0.33)
(0.13, -0.77, 0.33)
(0.13, -0.77, 0.33)
(0.13, -0.77, 0.33)
(0.13, -0.77, 0.33)
(0.13, -0.77, 0.33)
(0.13, -0.77, 0.33)
(0.13, -0.77, 0.33)
(0.13, -0.77, 0.33)
(0.13, -0.77, 0.33)
(0.13, -0.77, 0.33)
(0.13, -0.77, 0.33)
(0.13, -0.77, 0.33)
(0.13, -0.77, 0.33)
(0.13, -0.77, 0.33)
(0.13, -0.77, 0.34)
(0.13, -0.77, 0.34)
(0.13, -0.77, 0.34)
(0.13, -0.77, 0.34)
(0.13, -0.77, 0.34)
(0.13, -0.77, 0.34)
(0.13, -0.77, 0.34)
(0.13, -0.77, 0.34)
(0.13, -0.77, 0.34)
(0.13, -0.77, 0.34)
(0.13, -0.77, 0.34)
(0.13, -0.77, 0.34)
(0.13, -0.77, 0.34)
(0.13, -0.77, 0.34)
(0.13, -0.77, 0.34)
(0.13, -0.77, 0.34)
(0.13, -0.77, 0.34)
(0.13, -0.77, 0.34)
(0.12, -0.77, 0.35)
(0.12, -0.77, 0.35)
(0.12, -0.77, 0.35)
(0.12, -0.77, 0.35)
(0.12, -0.77, 0.35)
(0.12, -0.77, 0.35)
(0.12, -0.77, 0.35)
(0.12, -0.77, 0.35)
(0.12, -0.77, 0.35)
(0.12, -0.77, 0.35)
(0.12, -0.77, 0.35)
(0.12, -0.77, 0.35)
(0.12, -0.77, 0.35)
(0.12, -0.77, 0.35)
(0.12, -0.77, 0.35)
(0.12, -0.77, 0.35)
(0.12, -0.77, 0.35)
(0.12, -0.77, 0.36)
(0.12, -0.77, 0.36)
(0.12, -0.77, 0.36)
(0.12, -0.77, 0.36)
(0.12, -0.77, 0.36)
(0.12, -0.77, 0.36)
(0.12, -0.77, 0.36)
(0.12, -0.77, 0.36)
(0.12, -0.77, 0.36)
(0.12, -0.77, 0.36)
(0.12, -0.77, 0.36)
(0.12, -0.77, 0.36)
(0.12, -0.77, 0.36)
(0.12, -0.77, 0.36)
(0.12, -0.77, 0.36)
(0.12, -0.77, 0.36)
(0.12, -0.77, 0.36)
(0.12, -0.77, 0.37)
(0.12, -0.77, 0.37)
(0.12, -0.77, 0.37)
(0.12, -0.77, 0.37)
(0.12, -0.77, 0.37)
(0.12, -0.77, 0.37)
(0.12, -0.77, 0.37)
(0.12, -0.77, 0.37)
(0.12, -0.77, 0.37)
(0.12, -0.77, 0.37)
(0.12, -0.77, 0.37)
(0.12, -0.77, 0.37)
(0.12, -0.77, 0.37)
(0.12, -0.77, 0.37)
(0.12, -0.77, 0.37)
(0.12, -0.77, 0.37)
(0.12, -0.77, 0.37)
(0.12, -0.77, 0.37)
(0.12, -0.77, 0.38)
(0.12, -0.77, 0.38)
(0.12, -0.77, 0.38)
(0.12, -0.77, 0.38)
(0.12, -0.77, 0.38)
(0.12, -0.77, 0.38)
(0.12, -0.77, 0.38)
(0.12, -0.77, 0.38)
(0.12, -0.77, 0.38)
(0.12, -0.77, 0.38)
(0.12, -0.77, 0.38)
(0.12, -0.77, 0.38)
(0.12, -0.77, 0.38)
(0.12, -0.77, 0.38)
(0.12, -0.77, 0.38)
(0.12, -0.77, 0.38)
(0.12, -0.77, 0.38)
(0.12, -0.77, 0.38)
(0.12, -0.77, 0.39)
(0.12, -0.77, 0.39)
(0.12, -0.77, 0.39)
(0.12, -0.77, 0.39)
(0.11, -0.77, 0.39)
(0.11, -0.77, 0.39)
(0.11, -0.77, 0.39)
(0.11, -0.77, 0.39)
(0.11, -0.77, 0.39)
(0.11, -0.77, 0.39)
(0.11, -0.77, 0.39)
(0.11, -0.77, 0.39)
(0.11, -0.77, 0.39)
(0.11, -0.77, 0.39)
(0.11, -0.77, 0.39)
(0.11, -0.77, 0.39)
(0.11, -0.77, 0.39)
(0.11, -0.77, 0.40)
(0.11, -0.77, 0.40)
(0.11, -0.76, 0.40)
(0.11, -0.76, 0.40)
(0.11, -0.76, 0.40)
(0.11, -0.76, 0.40)
(0.11, -0.76, 0.40)
(0.11, -0.76, 0.40)
(0.11, -0.76, 0.40)
(0.11, -0.76, 0.40)
(0.11, -0.76, 0.40)
(0.11, -0.76, 0.40)
(0.11, -0.76, 0.40)
(0.11, -0.76, 0.40)
(0.11, -0.76, 0.40)
(0.11, -0.76, 0.40)
(0.11, -0.76, 0.40)
(0.11, -0.76, 0.40)
(0.11, -0.76, 0.40)
(0.11, -0.76, 0.41)
(0.11, -0.76, 0.41)
(0.11, -0.76, 0.41)
(0.11, -0.76, 0.41)
(0.11, -0.76, 0.41)
(0.11, -0.76, 0.41)
(0.11, -0.76, 0.41)
(0.11, -0.76, 0.41)
(0.11, -0.76, 0.41)
(0.11, -0.76, 0.41)
(0.11, -0.76, 0.41)
(0.11, -0.76, 0.41)
(0.11, -0.76, 0.41)
(0.11, -0.76, 0.41)
(0.11, -0.76, 0.41)
(0.11, -0.76, 0.41)
(0.11, -0.76, 0.41)
(0.11, -0.76, 0.41)
(0.11, -0.76, 0.42)
(0.11, -0.76, 0.42)
(0.11, -0.76, 0.42)
(0.11, -0.76, 0.42)
(0.11, -0.76, 0.42)
(0.11, -0.76, 0.42)
(0.11, -0.76, 0.42)
(0.11, -0.76, 0.42)
(0.11, -0.76, 0.42)
(0.11, -0.76, 0.42)
(0.11, -0.76, 0.42)
(0.11, -0.76, 0.42)
(0.11, -0.76, 0.42)
(0.11, -0.76, 0.42)
(0.11, -0.76, 0.42)
(0.11, -0.76, 0.42)
(0.11, -0.76, 0.42)
(0.11, -0.76, 0.42)
(0.11, -0.76, 0.42)
(0.11, -0.76, 0.43)
(0.11, -0.76, 0.43)
(0.11, -0.76, 0.43)
(0.11, -0.76, 0.43)
(0.11, -0.76, 0.43)
(0.10, -0.76, 0.43)
(0.10, -0.76, 0.43)
(0.10, -0.76, 0.43)
(0.10, -0.76, 0.43)
(0.10, -0.76, 0.43)
(0.10, -0.76, 0.43)
(0.10, -0.76, 0.43)
(0.10, -0.76, 0.43)
(0.10, -0.76, 0.43)
(0.10, -0.76, 0.43)
(0.10, -0.76, 0.43)
(0.10, -0.76, 0.43)
(0.10, -0.76, 0.43)
(0.10, -0.76, 0.43)
(0.10, -0.76, 0.44)
(0.10, -0.76, 0.44)
(0.10, -0.76, 0.44)
(0.10, -0.76, 0.44)
(0.10, -0.76, 0.44)
(0.10, -0.76, 0.44)
(0.10, -0.76, 0.44)
(0.10, -0.76, 0.44)
(0.10, -0.76, 0.44)
(0.10, -0.76, 0.44)
(0.10, -0.76, 0.44)
(0.10, -0.76, 0.44)
(0.10, -0.76, 0.44)
(0.10, -0.75, 0.44)
(0.10, -0.75, 0.44)
(0.10, -0.75, 0.44)
(0.10, -0.75, 0.44)
(0.10, -0.75, 0.44)
(0.10, -0.75, 0.44)
(0.10, -0.75, 0.45)
(0.10, -0.75, 0.45)
(0.10, -0.75, 0.45)
(0.10, -0.75, 0.45)
(0.10, -0.75, 0.45)
(0.10, -0.75, 0.45)
(0.10, -0.75, 0.45)
(0.10, -0.75, 0.45)
(0.10, -0.75, 0.45)
(0.10, -0.75, 0.45)
(0.10, -0.75, 0.45)
(0.10, -0.75, 0.45)
(0.10, -0.75, 0.45)
(0.10, -0.75, 0.45)
(0.10, -0.75, 0.45)
(0.10, -0.75, 0.45)
(0.10, -0.75, 0.45)
(0.10, -0.75, 0.45)
(0.10, -0.75, 0.45)
(0.10, -0.75, 0.46)
(0.10, -0.75, 0.46)
(0.10, -0.75, 0.46)
(0.10, -0.75, 0.46)
(0.10, -0.75, 0.46)
(0.10, -0.75, 0.46)
(0.10, -0.75, 0.46)
(0.10, -0.75, 0.46)
(0.10, -0.75, 0.46)
(0.10, -0.75, 0.46)
(0.10, -0.75, 0.46)
(0.10, -0.75, 0.46)
(0.10, -0.75, 0.46)
(0.10, -0.75, 0.46)
(0.10, -0.75, 0.46)
(0.10, -0.75, 0.46)
(0.10, -0.75, 0.46)
(0.10, -0.75, 0.46)
(0.10, -0.75, 0.46)
(0.10, -0.75, 0.46)
(0.10, -0.75, 0.47)
(0.10, -0.75, 0.47)
(0.09, -0.75, 0.47)
(0.09, -0.75, 0.47)
(0.09, -0.75, 0.47)
(0.09, -0.75, 0.47)
(0.09, -0.75, 0.47)
(0.09, -0.75, 0.47)
(0.09, -0.75, 0.47)
(0.09, -0.75, 0.47)
(0.09, -0.75, 0.47)
(0.09, -0.75, 0.47)
(0.09, -0.75, 0.47)
(0.09, -0.75, 0.47)
(0.09, -0.75, 0.47)
(0.09, -0.75, 0.47)
(0.09, -0.75, 0.47)
(0.09, -0.75, 0.47)
(0.09, -0.75, 0.47)
(0.09, -0.75, 0.47)
(0.09, -0.75, 0.47)
(0.09, -0.75, 0.48)
(0.09, -0.75, 0.48)
(0.09, -0.75, 0.48)
(0.09, -0.75, 0.48)
(0.09, -0.74, 0.48)
(0.09, -0.74, 0.48)
(0.09, -0.74, 0.48)
(0.09, -0.74, 0.48)
(0.09, -0.74, 0.48)
(0.09, -0.74, 0.48)
(0.09, -0.74, 0.48)
(0.09, -0.74, 0.48)
(0.09, -0.74, 0.48)
(0.09, -0.74, 0.48)
(0.09, -0.74, 0.48)
(0.09, -0.74, 0.48)
(0.09, -0.74, 0.48)
(0.09, -0.74, 0.48)
(0.09, -0.74, 0.48)
(0.09, -0.74, 0.48)
(0.09, -0.74, 0.48)
(0.09, -0.74, 0.49)
(0.09, -0.74, 0.49)
(0.09, -0.74, 0.49)
(0.09, -0.74, 0.49)
(0.09, -0.74, 0.49)
(0.09, -0.74, 0.49)
(0.09, -0.74, 0.49)
(0.09, -0.74, 0.49)
(0.09, -0.74, 0.49)
(0.09, -0.74, 0.49)
(0.09, -0.74, 0.49)
(0.09, -0.74, 0.49)
(0.09, -0.74, 0.49)
(0.09, -0.74, 0.49)
(0.09, -0.74, 0.49)
(0.09, -0.74, 0.49)
(0.09, -0.74, 0.49)
(0.09, -0.74, 0.49)
(0.09, -0.74, 0.49)
(0.09, -0.74, 0.49)
(0.09, -0.74, 0.49)
(0.09, -0.74, 0.49)
(0.09, -0.74, 0.50)
(0.09, -0.74, 0.50)
(0.09, -0.74, 0.50)
(0.09, -0.74, 0.50)
(0.09, -0.74, 0.50)
(0.09, -0.74, 0.50)
(0.09, -0.74, 0.50)
(0.09, -0.74, 0.50)
(0.09, -0.74, 0.50)
(0.09, -0.74, 0.50)
(0.08, -0.74, 0.50)
(0.08, -0.74, 0.50)
(0.08, -0.74, 0.50)
(0.08, -0.74, 0.50)
(0.08, -0.74, 0.50)
(0.08, -0.74, 0.50)
(0.08, -0.74, 0.50)
(0.08, -0.74, 0.50)
(0.08, -0.74, 0.50)
(0.08, -0.74, 0.50)
(0.08, -0.74, 0.50)
(0.08, -0.74, 0.50)
(0.08, -0.74, 0.51)
(0.08, -0.73, 0.51)
(0.08, -0.73, 0.51)
(0.08, -0.73, 0.51)
(0.08, -0.73, 0.51)
(0.08, -0.73, 0.51)
(0.08, -0.73, 0.51)
(0.08, -0.73, 0.51)
(0.08, -0.73, 0.51)
(0.08, -0.73, 0.51)
(0.08, -0.73, 0.51)
(0.08, -0.73, 0.51)
(0.08, -0.73, 0.51)
(0.08, -0.73, 0.51)
(0.08, -0.73, 0.51)
(0.08, -0.73, 0.51)
(0.08, -0.73, 0.51)
(0.08, -0.73, 0.51)
(0.08, -0.73, 0.51)
(0.08, -0.73, 0.51)
(0.08, -0.73, 0.51)
(0.08, -0.73, 0.51)
(0.08, -0.73, 0.51)
(0.08, -0.73, 0.52)
(0.08, -0.73, 0.52)
(0.08, -0.73, 0.52)
(0.08, -0.73, 0.52)
(0.08, -0.73, 0.52)
(0.08, -0.73, 0.52)
(0.08, -0.73, 0.52)
(0.08, -0.73, 0.52)
(0.08, -0.73, 0.52)
(0.08, -0.73, 0.52)
(0.08, -0.73, 0.52)
(0.08, -0.73, 0.52)
(0.08, -0.73, 0.52)
(0.08, -0.73, 0.52)
(0.08, -0.73, 0.52)
(0.08, -0.73, 0.52)
(0.08, -0.73, 0.52)
(0.08, -0.73, 0.52)
(0.08, -0.73, 0.52)
(0.08, -0.73, 0.52)
(0.08, -0.73, 0.52)
(0.08, -0.73, 0.52)
(0.08, -0.73, 0.52)
(0.08, -0.73, 0.53)
(0.08, -0.73, 0.53)
(0.08, -0.73, 0.53)
(0.08, -0.73, 0.53)
(0.08, -0.73, 0.53)
(0.08, -0.73, 0.53)
(0.08, -0.73, 0.53)
(0.08, -0.73, 0.53)
(0.08, -0.73, 0.53)
(0.08, -0.73, 0.53)
(0.08, -0.72, 0.53)
(0.08, -0.72, 0.53)
(0.08, -0.72, 0.53)
(0.08, -0.72, 0.53)
(0.07, -0.72, 0.53)
(0.07, -0.72, 0.53)
(0.07, -0.72, 0.53)
(0.07, -0.72, 0.53)
(0.07, -0.72, 0.53)
(0.07, -0.72, 0.53)
(0.07, -0.72, 0.53)
(0.07, -0.72, 0.53)
(0.07, -0.72, 0.53)
(0.07, -0.72, 0.53)
(0.07, -0.72, 0.53)
(0.07, -0.72, 0.54)
(0.07, -0.72, 0.54)
(0.07, -0.72, 0.54)
(0.07, -0.72, 0.54)
(0.07, -0.72, 0.54)
(0.07, -0.72, 0.54)
(0.07, -0.72, 0.54)
(0.07, -0.72, 0.54)
(0.07, -0.72, 0.54)
(0.07, -0.72, 0.54)
(0.07, -0.72, 0.54)
(0.07, -0.72, 0.54)
(0.07, -0.72, 0.54)
(0.07, -0.72, 0.54)
(0.07, -0.72, 0.54)
(0.07, -0.72, 0.54)
(0.07, -0.72, 0.54)
(0.07, -0.72, 0.54)
(0.07, -0.72, 0.54)
(0.07, -0.72, 0.54)
(0.07, -0.72, 0.54)
(0.07, -0.72, 0.54)
(0.07, -0.72, 0.54)
(0.07, -0.72, 0.54)
(0.07, -0.72, 0.54)
(0.07, -0.72, 0.54)
(0.07, -0.72, 0.55)
(0.07, -0.72, 0.55)
(0.07, -0.72, 0.55)
(0.07, -0.72, 0.55)
(0.07, -0.72, 0.55)
(0.07, -0.72, 0.55)
(0.07, -0.72, 0.55)
(0.07, -0.72, 0.55)
(0.07, -0.72, 0.55)
(0.07, -0.72, 0.55)
(0.07, -0.71, 0.55)
(0.07, -0.71, 0.55)
(0.07, -0.71, 0.55)
(0.07, -0.71, 0.55)
(0.07, -0.71, 0.55)
(0.07, -0.71, 0.55)
(0.07, -0.71, 0.55)
(0.07, -0.71, 0.55)
(0.07, -0.71, 0.55)
(0.07, -0.71, 0.55)
(0.07, -0.71, 0.55)
(0.07, -0.71, 0.55)
(0.07, -0.71, 0.55)
(0.07, -0.71, 0.55)
(0.07, -0.71, 0.55)
(0.07, -0.71, 0.55)
(0.07, -0.71, 0.55)
(0.07, -0.71, 0.56)
(0.07, -0.71, 0.56)
(0.07, -0.71, 0.56)
(0.07, -0.71, 0.56)
(0.07, -0.71, 0.56)
(0.07, -0.71, 0.56)
(0.07, -0.71, 0.56)
(0.07, -0.71, 0.56)
(0.06, -0.71, 0.56)
(0.06, -0.71, 0.56)
(0.06, -0.71, 0.56)
(0.06, -0.71, 0.56)
(0.06, -0.71, 0.56)
(0.06, -0.71, 0.56)
(0.06, -0.71, 0.56)
(0.06, -0.71, 0.56)
(0.06, -0.71, 0.56)
(0.06, -0.71, 0.56)
(0.06, -0.71, 0.56)
(0.06, -0.71, 0.56)
(0.06, -0.71, 0.56)
(0.06, -0.71, 0.56)
(0.06, -0.71, 0.56)
(0.06, -0.71, 0.56)
(0.06, -0.71, 0.56)
(0.06, -0.71, 0.56)
(0.06, -0.71, 0.56)
(0.06, -0.71, 0.56)
(0.06, -0.71, 0.56)
(0.06, -0.71, 0.57)
(0.06, -0.70, 0.57)
(0.06, -0.70, 0.57)
(0.06, -0.70, 0.57)
(0.06, -0.70, 0.57)
(0.06, -0.70, 0.57)
(0.06, -0.70, 0.57)
(0.06, -0.70, 0.57)
(0.06, -0.70, 0.57)
(0.06, -0.70, 0.57)
(0.06, -0.70, 0.57)
(0.06, -0.70, 0.57)
(0.06, -0.70, 0.57)
(0.06, -0.70, 0.57)
(0.06, -0.70, 0.57)
(0.06, -0.70, 0.57)
(0.06, -0.70, 0.57)
(0.06, -0.70, 0.57)
(0.06, -0.70, 0.57)
(0.06, -0.70, 0.57)
(0.06, -0.70, 0.57)
(0.06, -0.70, 0.57)
(0.06, -0.70, 0.57)
(0.06, -0.70, 0.57)
(0.06, -0.70, 0.57)
(0.06, -0.70, 0.57)
(0.06, -0.70, 0.57)
(0.06, -0.70, 0.57)
(0.06, -0.70, 0.57)
(0.06, -0.70, 0.57)
(0.06, -0.70, 0.57)
(0.06, -0.70, 0.58)
(0.06, -0.70, 0.58)
(0.06, -0.70, 0.58)
(0.06, -0.70, 0.58)
(0.06, -0.70, 0.58)
(0.06, -0.70, 0.58)
(0.06, -0.70, 0.58)
(0.06, -0.70, 0.58)
(0.06, -0.70, 0.58)
(0.06, -0.70, 0.58)
(0.06, -0.70, 0.58)
(0.06, -0.70, 0.58)
(0.06, -0.70, 0.58)
(0.06, -0.70, 0.58)
(0.06, -0.70, 0.58)
(0.06, -0.69, 0.58)
(0.06, -0.69, 0.58)
(0.06, -0.69, 0.58)
(0.06, -0.69, 0.58)
(0.06, -0.69, 0.58)
(0.05, -0.69, 0.58)
(0.05, -0.69, 0.58)
(0.05, -0.69, 0.58)
(0.05, -0.69, 0.58)
(0.05, -0.69, 0.58)
(0.05, -0.69, 0.58)
(0.05, -0.69, 0.58)
(0.05, -0.69, 0.58)
(0.05, -0.69, 0.58)
(0.05, -0.69, 0.58)
(0.05, -0.69, 0.58)
(0.05, -0.69, 0.58)
(0.05, -0.69, 0.58)
(0.05, -0.69, 0.59)
(0.05, -0.69, 0.59)
(0.05, -0.69, 0.59)
(0.05, -0.69, 0.59)
(0.05, -0.69, 0.59)
(0.05, -0.69, 0.59)
(0.05, -0.69, 0.59)
(0.05, -0.69, 0.59)
(0.05, -0.69, 0.59)
(0.05, -0.69, 0.59)
(0.05, -0.69, 0.59)
(0.05, -0.69, 0.59)
(0.05, -0.69, 0.59)
(0.05, -0.69, 0.59)
(0.05, -0.69, 0.59)
(0.05, -0.69, 0.59)
(0.05, -0.69, 0.59)
(0.05, -0.69, 0.59)
(0.05, -0.69, 0.59)
(0.05, -0.69, 0.59)
(0.05, -0.69, 0.59)
(0.05, -0.69, 0.59)
(0.05, -0.69, 0.59)
(0.05, -0.69, 0.59)
(0.05, -0.69, 0.59)
(0.05, -0.68, 0.59)
(0.05, -0.68, 0.59)
(0.05, -0.68, 0.59)
(0.05, -0.68, 0.59)
(0.05, -0.68, 0.59)
(0.05, -0.68, 0.59)
(0.05, -0.68, 0.59)
(0.05, -0.68, 0.59)
(0.05, -0.68, 0.59)
(0.05, -0.68, 0.59)
(0.05, -0.68, 0.59)
(0.05, -0.68, 0.59)
(0.05, -0.68, 0.60)
(0.05, -0.68, 0.60)
(0.05, -0.68, 0.60)
(0.05, -0.68, 0.60)
(0.05, -0.68, 0.60)
(0.05, -0.68, 0.60)
(0.05, -0.68, 0.60)
(0.05, -0.68, 0.60)
(0.05, -0.68, 0.60)
(0.05, -0.68, 0.60)
(0.05, -0.68, 0.60)
(0.05, -0.68, 0.60)
(0.05, -0.68, 0.60)
(0.05, -0.68, 0.60)
(0.05, -0.68, 0.60)
(0.05, -0.68, 0.60)
(0.05, -0.68, 0.60)
(0.05, -0.68, 0.60)
(0.05, -0.68, 0.60)
(0.05, -0.68, 0.60)
(0.05, -0.68, 0.60)
(0.05, -0.68, 0.60)
(0.04, -0.68, 0.60)
(0.04, -0.68, 0.60)
(0.04, -0.68, 0.60)
(0.04, -0.68, 0.60)
(0.04, -0.68, 0.60)
(0.04, -0.68, 0.60)
(0.04, -0.68, 0.60)
(0.04, -0.67, 0.60)
(0.04, -0.67, 0.60)
(0.04, -0.67, 0.60)
(0.04, -0.67, 0.60)
(0.04, -0.67, 0.60)
(0.04, -0.67, 0.60)
(0.04, -0.67, 0.60)
(0.04, -0.67, 0.60)
(0.04, -0.67, 0.60)
(0.04, -0.67, 0.60)
(0.04, -0.67, 0.60)
(0.04, -0.67, 0.60)
(0.04, -0.67, 0.60)
(0.04, -0.67, 0.60)
(0.04, -0.67, 0.61)
(0.04, -0.67, 0.61)
(0.04, -0.67, 0.61)
(0.04, -0.67, 0.61)
(0.04, -0.67, 0.61)
(0.04, -0.67, 0.61)
(0.04, -0.67, 0.61)
(0.04, -0.67, 0.61)
(0.04, -0.67, 0.61)
(0.04, -0.67, 0.61)
(0.04, -0.67, 0.61)
(0.04, -0.67, 0.61)
(0.04, -0.67, 0.61)
(0.04, -0.67, 0.61)
(0.04, -0.67, 0.61)
(0.04, -0.67, 0.61)
(0.04, -0.67, 0.61)
(0.04, -0.67, 0.61)
(0.04, -0.67, 0.61)
(0.04, -0.67, 0.61)
(0.04, -0.67, 0.61)
(0.04, -0.67, 0.61)
(0.04, -0.67, 0.61)
(0.04, -0.67, 0.61)
(0.04, -0.67, 0.61)
(0.04, -0.67, 0.61)
(0.04, -0.66, 0.61)
(0.04, -0.66, 0.61)
(0.04, -0.66, 0.61)
(0.04, -0.66, 0.61)
(0.04, -0.66, 0.61)
(0.04, -0.66, 0.61)
(0.04, -0.66, 0.61)
(0.04, -0.66, 0.61)
(0.04, -0.66, 0.61)
(0.04, -0.66, 0.61)
(0.04, -0.66, 0.61)
(0.04, -0.66, 0.61)
(0.04, -0.66, 0.61)
(0.04, -0.66, 0.61)
(0.04, -0.66, 0.61)
(0.04, -0.66, 0.61)
(0.04, -0.66, 0.61)
(0.04, -0.66, 0.61)
(0.04, -0.66, 0.61)
(0.04, -0.66, 0.61)
(0.04, -0.66, 0.61)
(0.04, -0.66, 0.61)
(0.04, -0.66, 0.61)
(0.04, -0.66, 0.61)
(0.03, -0.66, 0.61)
(0.03, -0.66, 0.62)
(0.03, -0.66, 0.62)
(0.03, -0.66, 0.62)
(0.03, -0.66, 0.62)
(0.03, -0.66, 0.62)
(0.03, -0.66, 0.62)
(0.03, -0.66, 0.62)
(0.03, -0.66, 0.62)
(0.03, -0.66, 0.62)
(0.03, -0.66, 0.62)
(0.03, -0.66, 0.62)
(0.03, -0.66, 0.62)
(0.03, -0.66, 0.62)
(0.03, -0.65, 0.62)
(0.03, -0.65, 0.62)
(0.03, -0.65, 0.62)
(0.03, -0.65, 0.62)
(0.03, -0.65, 0.62)
(0.03, -0.65, 0.62)
(0.03, -0.65, 0.62)
(0.03, -0.65, 0.62)
(0.03, -0.65, 0.62)
(0.03, -0.65, 0.62)
(0.03, -0.65, 0.62)
(0.03, -0.65, 0.62)
(0.03, -0.65, 0.62)
(0.03, -0.65, 0.62)
(0.03, -0.65, 0.62)
(0.03, -0.65, 0.62)
(0.03, -0.65, 0.62)
(0.03, -0.65, 0.62)
(0.03, -0.65, 0.62)
(0.03, -0.65, 0.62)
(0.03, -0.65, 0.62)
(0.03, -0.65, 0.62)
(0.03, -0.65, 0.62)
(0.03, -0.65, 0.62)
(0.03, -0.65, 0.62)
(0.03, -0.65, 0.62)
(0.03, -0.65, 0.62)
(0.03, -0.65, 0.62)
(0.03, -0.65, 0.62)
(0.03, -0.65, 0.62)
(0.03, -0.65, 0.62)
(0.03, -0.65, 0.62)
(0.03, -0.65, 0.62)
(0.03, -0.65, 0.62)
(0.03, -0.65, 0.62)
(0.03, -0.65, 0.62)
(0.03, -0.65, 0.62)
(0.03, -0.65, 0.62)
(0.03, -0.64, 0.62)
(0.03, -0.64, 0.62)
(0.03, -0.64, 0.62)
(0.03, -0.64, 0.62)
(0.03, -0.64, 0.62)
(0.03, -0.64, 0.62)
(0.03, -0.64, 0.62)
(0.03, -0.64, 0.62)
(0.03, -0.64, 0.62)
(0.03, -0.64, 0.62)
(0.03, -0.64, 0.62)
(0.03, -0.64, 0.62)
(0.03, -0.64, 0.62)
(0.03, -0.64, 0.62)
(0.03, -0.64, 0.62)
(0.03, -0.64, 0.62)
(0.03, -0.64, 0.62)
(0.03, -0.64, 0.63)
(0.03, -0.64, 0.63)
(0.03, -0.64, 0.63)
(0.02, -0.64, 0.63)
(0.02, -0.64, 0.63)
(0.02, -0.64, 0.63)
(0.02, -0.64, 0.63)
(0.02, -0.64, 0.63)
(0.02, -0.64, 0.63)
(0.02, -0.64, 0.63)
(0.02, -0.64, 0.63)
(0.02, -0.64, 0.63)
(0.02, -0.64, 0.63)
(0.02, -0.64, 0.63)
(0.02, -0.64, 0.63)
(0.02, -0.64, 0.63)
(0.02, -0.64, 0.63)
(0.02, -0.64, 0.63)
(0.02, -0.64, 0.63)
(0.02, -0.63, 0.63)
(0.02, -0.63, 0.63)
(0.02, -0.63, 0.63)
(0.02, -0.63, 0.63)
(0.02, -0.63, 0.63)
(0.02, -0.63, 0.63)
(0.02, -0.63, 0.63)
(0.02, -0.63, 0.63)
(0.02, -0.63, 0.63)
(0.02, -0.63, 0.63)
(0.02, -0.63, 0.63)
(0.02, -0.63, 0.63)
(0.02, -0.63, 0.63)
(0.02, -0.63, 0.63)
(0.02, -0.63, 0.63)
(0.02, -0.63, 0.63)
(0.02, -0.63, 0.63)
(0.02, -0.63, 0.63)
(0.02, -0.63, 0.63)
(0.02, -0.63, 0.63)
(0.02, -0.63, 0.63)
(0.02, -0.63, 0.63)
(0.02, -0.63, 0.63)
(0.02, -0.63, 0.63)
(0.02, -0.63, 0.63)
(0.02, -0.63, 0.63)
(0.02, -0.63, 0.63)
(0.02, -0.63, 0.63)
(0.02, -0.63, 0.63)
(0.02, -0.63, 0.63)
(0.02, -0.63, 0.63)
(0.02, -0.63, 0.63)
(0.02, -0.63, 0.63)
(0.02, -0.63, 0.63)
(0.02, -0.63, 0.63)
(0.02, -0.62, 0.63)
(0.02, -0.62, 0.63)
(0.02, -0.62, 0.63)
(0.02, -0.62, 0.63)
(0.02, -0.62, 0.63)
(0.02, -0.62, 0.63)
(0.02, -0.62, 0.63)
(0.02, -0.62, 0.63)
(0.02, -0.62, 0.63)
(0.02, -0.62, 0.63)
(0.02, -0.62, 0.63)
(0.02, -0.62, 0.63)
(0.02, -0.62, 0.63)
(0.02, -0.62, 0.63)
(0.02, -0.62, 0.63)
(0.02, -0.62, 0.63)
(0.02, -0.62, 0.63)
(0.02, -0.62, 0.63)
(0.02, -0.62, 0.63)
(0.02, -0.62, 0.63)
(0.01, -0.62, 0.63)
(0.01, -0.62, 0.63)
(0.01, -0.62, 0.63)
(0.01, -0.62, 0.63)
(0.01, -0.62, 0.63)
(0.01, -0.62, 0.63)
(0.01, -0.62, 0.63)
(0.01, -0.62, 0.63)
(0.01, -0.62, 0.63)
(0.01, -0.62, 0.63)
(0.01, -0.62, 0.63)
(0.01, -0.62, 0.63)
(0.01, -0.62, 0.63)
(0.01, -0.62, 0.63)
(0.01, -0.62, 0.63)
(0.01, -0.61, 0.63)
(0.01, -0.61, 0.63)
(0.01, -0.61, 0.63)
(0.01, -0.61, 0.63)
(0.01, -0.61, 0.63)
(0.01, -0.61, 0.63)
(0.01, -0.61, 0.63)
(0.01, -0.61, 0.63)
(0.01, -0.61, 0.63)
(0.01, -0.61, 0.63)
(0.01, -0.61, 0.63)
(0.01, -0.61, 0.63)
(0.01, -0.61, 0.63)
(0.01, -0.61, 0.63)
(0.01, -0.61, 0.63)
(0.01, -0.61, 0.63)
(0.01, -0.61, 0.63)
(0.01, -0.61, 0.63)
(0.01, -0.61, 0.63)
(0.01, -0.61, 0.63)
(0.01, -0.61, 0.63)
(0.01, -0.61, 0.63)
(0.01, -0.61, 0.63)
(0.01, -0.61, 0.63)
(0.01, -0.61, 0.63)
(0.01, -0.61, 0.63)
(0.01, -0.61, 0.63)
(0.01, -0.61, 0.63)
(0.01, -0.61, 0.63)
(0.01, -0.61, 0.63)
(0.01, -0.61, 0.63)
(0.01, -0.61, 0.63)
(0.01, -0.61, 0.63)
(0.01, -0.61, 0.63)
(0.01, -0.60, 0.63)
(0.01, -0.60, 0.63)
(0.01, -0.60, 0.63)
(0.01, -0.60, 0.63)
(0.01, -0.60, 0.63)
(0.01, -0.60, 0.63)
(0.01, -0.60, 0.63)
(0.01, -0.60, 0.63)
(0.01, -0.60, 0.63)
(0.01, -0.60, 0.63)
(0.01, -0.60, 0.63)
(0.01, -0.60, 0.63)
(0.01, -0.60, 0.63)
(0.01, -0.60, 0.63)
(0.01, -0.60, 0.63)
(0.01, -0.60, 0.63)
(0.01, -0.60, 0.63)
(0.01, -0.60, 0.63)
(0.01, -0.60, 0.63)
(0.01, -0.60, 0.63)
(0.01, -0.60, 0.63)
(0.01, -0.60, 0.63)
(0.01, -0.60, 0.63)
(0.00, -0.60, 0.63)
(0.00, -0.60, 0.63)
(0.00, -0.60, 0.63)
(0.00, -0.60, 0.63)
(0.00, -0.60, 0.63)
(0.00, -0.60, 0.63)
(0.00, -0.60, 0.63)
(0.00, -0.60, 0.63)
(0.00, -0.60, 0.63)
(0.00, -0.60, 0.63)
(0.00, -0.60, 0.63)
(0.00, -0.59, 0.63)
(0.00, -0.59, 0.63)
(0.00, -0.59, 0.63)
(0.00, -0.59, 0.63)
(0.00, -0.59, 0.63)
(0.00, -0.59, 0.63)
(0.00, -0.59, 0.63)
(0.00, -0.59, 0.63)
(0.00, -0.59, 0.63)
(0.00, -0.59, 0.63)
(0.00, -0.59, 0.63)
(0.00, -0.59, 0.63)
(0.00, -0.59, 0.63)
(0.00, -0.59, 0.63)
(0.00, -0.59, 0.63)
(0.00, -0.59, 0.63)
(0.00, -0.59, 0.63)
(0.00, -0.59, 0.63)
(0.00, -0.59, 0.63)
(0.00, -0.59, 0.63)
(0.00, -0.59, 0.63)
(0.00, -0.59, 0.63)
(0.00, -0.59, 0.63)
(0.00, -0.59, 0.63)
(0.00, -0.59, 0.63)
(0.00, -0.59, 0.63)
(0.00, -0.59, 0.63)
(0.00, -0.59, 0.63)
(0.00, -0.59, 0.63)
(0.00, -0.59, 0.63)
(0.00, -0.59, 0.63)
(0.00, -0.59, 0.63)
(0.00, -0.59, 0.63)
(0.00, -0.58, 0.63)
(0.00, -0.58, 0.63)
(0.00, -0.58, 0.63)
(0.00, -0.58, 0.63)
(0.00, -0.58, 0.63)
(0.00, -0.58, 0.63)
(0.00, -0.58, 0.63)
(0.00, -0.58, 0.63)
(0.00, -0.58, 0.63)
(0.00, -0.58, 0.63)
(0.00, -0.58, 0.63)
(0.00, -0.58, 0.63)
(0.00, -0.58, 0.63)
(0.00, -0.58, 0.63)
(0.00, -0.58, 0.63)
(0.00, -0.58, 0.63)
(0.00, -0.58, 0.63)
(0.00, -0.58, 0.63)
(0.00, -0.58, 0.63)
(0.00, -0.58, 0.63)
(0.00, -0.58, 0.63)
(0.00, -0.58, 0.63)
(0.00, -0.58, 0.63)
(0.00, -0.58, 0.63)
(0.00, -0.58, 0.63)
(0.00, -0.58, 0.63)
(0.00, -0.58, 0.63)
(0.00, -0.58, 0.63)
(-0.01, -0.58, 0.63)
(-0.01, -0.58, 0.63)
(-0.01, -0.58, 0.63)
(-0.01, -0.58, 0.63)
(-0.01, -0.57, 0.63)
(-0.01, -0.57, 0.63)
(-0.01, -0.57, 0.63)
(-0.01, -0.57, 0.63)
(-0.01, -0.57, 0.63)
(-0.01, -0.57, 0.63)
(-0.01, -0.57, 0.63)
(-0.01, -0.57, 0.63)
(-0.01, -0.57, 0.63)
(-0.01, -0.57, 0.63)
(-0.01, -0.57, 0.63)
(-0.01, -0.57, 0.63)
(-0.01, -0.57, 0.63)
(-0.01, -0.57, 0.63)
(-0.01, -0.57, 0.63)
(-0.01, -0.57, 0.63)
(-0.01, -0.57, 0.63)
(-0.01, -0.57, 0.63)
(-0.01, -0.57, 0.63)
(-0.01, -0.57, 0.63)
(-0.01, -0.57, 0.63)
(-0.01, -0.57, 0.63)
(-0.01, -0.57, 0.63)
(-0.01, -0.57, 0.63)
(-0.01, -0.57, 0.63)
(-0.01, -0.57, 0.63)
(-0.01, -0.57, 0.63)
(-0.01, -0.57, 0.63)
(-0.01, -0.57, 0.63)
(-0.01, -0.57, 0.63)
(-0.01, -0.57, 0.63)
(-0.01, -0.57, 0.63)
(-0.01, -0.57, 0.63)
(-0.01, -0.56, 0.63)
(-0.01, -0.56, 0.63)
(-0.01, -0.56, 0.63)
(-0.01, -0.56, 0.63)
(-0.01, -0.56, 0.63)
(-0.01, -0.56, 0.63)
(-0.01, -0.56, 0.63)
(-0.01, -0.56, 0.63)
(-0.01, -0.56, 0.63)
(-0.01, -0.56, 0.62)
(-0.01, -0.56, 0.62)
(-0.01, -0.56, 0.62)
(-0.01, -0.56, 0.62)
(-0.01, -0.56, 0.62)
(-0.01, -0.56, 0.62)
(-0.01, -0.56, 0.62)
(-0.01, -0.56, 0.62)
(-0.01, -0.56, 0.62)
(-0.01, -0.56, 0.62)
(-0.01, -0.56, 0.62)
(-0.01, -0.56, 0.62)
(-0.01, -0.56, 0.62)
(-0.01, -0.56, 0.62)
(-0.01, -0.56, 0.62)
(-0.01, -0.56, 0.62)
(-0.01, -0.56, 0.62)
(-0.01, -0.56, 0.62)
(-0.01, -0.56, 0.62)
(-0.01, -0.56, 0.62)
(-0.01, -0.56, 0.62)
(-0.01, -0.56, 0.62)
(-0.01, -0.56, 0.62)
(-0.01, -0.55, 0.62)
(-0.01, -0.55, 0.62)
(-0.01, -0.55, 0.62)
(-0.01, -0.55, 0.62)
(-0.02, -0.55, 0.62)
(-0.02, -0.55, 0.62)
(-0.02, -0.55, 0.62)
(-0.02, -0.55, 0.62)
(-0.02, -0.55, 0.62)
(-0.02, -0.55, 0.62)
(-0.02, -0.55, 0.62)
(-0.02, -0.55, 0.62)
(-0.02, -0.55, 0.62)
(-0.02, -0.55, 0.62)
(-0.02, -0.55, 0.62)
(-0.02, -0.55, 0.62)
(-0.02, -0.55, 0.62)
(-0.02, -0.55, 0.62)
(-0.02, -0.55, 0.62)
(-0.02, -0.55, 0.62)
(-0.02, -0.55, 0.62)
(-0.02, -0.55, 0.62)
(-0.02, -0.55, 0.62)
(-0.02, -0.55, 0.62)
(-0.02, -0.55, 0.62)
(-0.02, -0.55, 0.62)
(-0.02, -0.55, 0.62)
(-0.02, -0.55, 0.62)
(-0.02, -0.55, 0.62)
(-0.02, -0.55, 0.62)
(-0.02, -0.55, 0.62)
(-0.02, -0.54, 0.62)
(-0.02, -0.54, 0.62)
(-0.02, -0.54, 0.62)
(-0.02, -0.54, 0.62)
(-0.02, -0.54, 0.62)
(-0.02, -0.54, 0.62)
(-0.02, -0.54, 0.62)
(-0.02, -0.54, 0.62)
(-0.02, -0.54, 0.62)
(-0.02, -0.54, 0.62)
(-0.02, -0.54, 0.62)
(-0.02, -0.54, 0.62)
(-0.02, -0.54, 0.62)
(-0.02, -0.54, 0.62)
(-0.02, -0.54, 0.62)
(-0.02, -0.54, 0.62)
(-0.02, -0.54, 0.62)
(-0.02, -0.54, 0.61)
(-0.02, -0.54, 0.61)
(-0.02, -0.54, 0.61)
(-0.02, -0.54, 0.61)
(-0.02, -0.54, 0.61)
(-0.02, -0.54, 0.61)
(-0.02, -0.54, 0.61)
(-0.02, -0.54, 0.61)
(-0.02, -0.54, 0.61)
(-0.02, -0.54, 0.61)
(-0.02, -0.54, 0.61)
(-0.02, -0.54, 0.61)
(-0.02, -0.54, 0.61)
(-0.02, -0.54, 0.61)
(-0.02, -0.54, 0.61)
(-0.02, -0.53, 0.61)
(-0.02, -0.53, 0.61)
(-0.02, -0.53, 0.61)
(-0.02, -0.53, 0.61)
(-0.02, -0.53, 0.61)
(-0.02, -0.53, 0.61)
(-0.02, -0.53, 0.61)
(-0.02, -0.53, 0.61)
(-0.02, -0.53, 0.61)
(-0.02, -0.53, 0.61)
(-0.02, -0.53, 0.61)
(-0.02, -0.53, 0.61)
(-0.02, -0.53, 0.61)
(-0.02, -0.53, 0.61)
(-0.03, -0.53, 0.61)
(-0.03, -0.53, 0.61)
(-0.03, -0.53, 0.61)
(-0.03, -0.53, 0.61)
(-0.03, -0.53, 0.61)
(-0.03, -0.53, 0.61)
(-0.03, -0.53, 0.61)
(-0.03, -0.53, 0.61)
(-0.03, -0.53, 0.61)
(-0.03, -0.53, 0.61)
(-0.03, -0.53, 0.61)
(-0.03, -0.53, 0.61)
(-0.03, -0.53, 0.61)
(-0.03, -0.53, 0.61)
(-0.03, -0.53, 0.61)
(-0.03, -0.53, 0.61)
(-0.03, -0.53, 0.61)
(-0.03, -0.52, 0.61)
(-0.03, -0.52, 0.61)
(-0.03, -0.52, 0.61)
(-0.03, -0.52, 0.61)
(-0.03, -0.52, 0.61)
(-0.03, -0.52, 0.61)
(-0.03, -0.52, 0.61)
(-0.03, -0.52, 0.60)
(-0.03, -0.52, 0.60)
(-0.03, -0.52, 0.60)
(-0.03, -0.52, 0.60)
(-0.03, -0.52, 0.60)
(-0.03, -0.52, 0.60)
(-0.03, -0.52, 0.60)
(-0.03, -0.52, 0.60)
(-0.03, -0.52, 0.60)
(-0.03, -0.52, 0.60)
(-0.03, -0.52, 0.60)
(-0.03, -0.52, 0.60)
(-0.03, -0.52, 0.60)
(-0.03, -0.52, 0.60)
(-0.03, -0.52, 0.60)
(-0.03, -0.52, 0.60)
(-0.03, -0.52, 0.60)
(-0.03, -0.52, 0.60)
(-0.03, -0.52, 0.60)
(-0.03, -0.52, 0.60)
(-0.03, -0.52, 0.60)
(-0.03, -0.52, 0.60)
(-0.03, -0.52, 0.60)
(-0.03, -0.52, 0.60)
(-0.03, -0.51, 0.60)
(-0.03, -0.51, 0.60)
(-0.03, -0.51, 0.60)
(-0.03, -0.51, 0.60)
(-0.03, -0.51, 0.60)
(-0.03, -0.51, 0.60)
(-0.03, -0.51, 0.60)
(-0.03, -0.51, 0.60)
(-0.03, -0.51, 0.60)
(-0.03, -0.51, 0.60)
(-0.03, -0.51, 0.60)
(-0.03, -0.51, 0.60)
(-0.03, -0.51, 0.60)
(-0.03, -0.51, 0.60)
(-0.03, -0.51, 0.60)
(-0.03, -0.51, 0.60)
(-0.03, -0.51, 0.60)
(-0.03, -0.51, 0.60)
(-0.03, -0.51, 0.60)
(-0.03, -0.51, 0.60)
(-0.03, -0.51, 0.60)
(-0.03, -0.51, 0.59)
(-0.03, -0.51, 0.59)
(-0.03, -0.51, 0.59)
(-0.03, -0.51, 0.59)
(-0.04, -0.51, 0.59)
(-0.04, -0.51, 0.59)
(-0.04, -0.51, 0.59)
(-0.04, -0.51, 0.59)
(-0.04, -0.51, 0.59)
(-0.04, -0.51, 0.59)
(-0.04, -0.51, 0.59)
(-0.04, -0.50, 0.59)
(-0.04, -0.50, 0.59)
(-0.04, -0.50, 0.59)
(-0.04, -0.50, 0.59)
(-0.04, -0.50, 0.59)
(-0.04, -0.50, 0.59)
(-0.04, -0.50, 0.59)
(-0.04, -0.50, 0.59)
(-0.04, -0.50, 0.59)
(-0.04, -0.50, 0.59)
(-0.04, -0.50, 0.59)
(-0.04, -0.50, 0.59)
(-0.04, -0.50, 0.59)
(-0.04, -0.50, 0.59)
(-0.04, -0.50, 0.59)
(-0.04, -0.50, 0.59)
(-0.04, -0.50, 0.59)
(-0.04, -0.50, 0.59)
(-0.04, -0.50, 0.59)
(-0.04, -0.50, 0.59)
(-0.04, -0.50, 0.59)
(-0.04, -0.50, 0.59)
(-0.04, -0.50, 0.59)
(-0.04, -0.50, 0.59)
(-0.04, -0.50, 0.59)
(-0.04, -0.50, 0.59)
(-0.04, -0.50, 0.59)
(-0.04, -0.50, 0.59)
(-0.04, -0.50, 0.58)
(-0.04, -0.50, 0.58)
(-0.04, -0.50, 0.58)
(-0.04, -0.49, 0.58)
(-0.04, -0.49, 0.58)
(-0.04, -0.49, 0.58)
(-0.04, -0.49, 0.58)
(-0.04, -0.49, 0.58)
(-0.04, -0.49, 0.58)
(-0.04, -0.49, 0.58)
(-0.04, -0.49, 0.58)
(-0.04, -0.49, 0.58)
(-0.04, -0.49, 0.58)
(-0.04, -0.49, 0.58)
(-0.04, -0.49, 0.58)
(-0.04, -0.49, 0.58)
(-0.04, -0.49, 0.58)
(-0.04, -0.49, 0.58)
(-0.04, -0.49, 0.58)
(-0.04, -0.49, 0.58)
(-0.04, -0.49, 0.58)
(-0.04, -0.49, 0.58)
(-0.04, -0.49, 0.58)
(-0.04, -0.49, 0.58)
(-0.04, -0.49, 0.58)
(-0.04, -0.49, 0.58)
(-0.04, -0.49, 0.58)
(-0.04, -0.49, 0.58)
(-0.04, -0.49, 0.58)
(-0.04, -0.49, 0.58)
(-0.04, -0.49, 0.58)
(-0.04, -0.49, 0.58)
(-0.04, -0.49, 0.58)
(-0.04, -0.48, 0.58)
(-0.04, -0.48, 0.58)
(-0.04, -0.48, 0.58)
(-0.04, -0.48, 0.57)
(-0.04, -0.48, 0.57)
(-0.04, -0.48, 0.57)
(-0.05, -0.48, 0.57)
(-0.05, -0.48, 0.57)
(-0.05, -0.48, 0.57)
(-0.05, -0.48, 0.57)
(-0.05, -0.48, 0.57)
(-0.05, -0.48, 0.57)
(-0.05, -0.48, 0.57)
(-0.05, -0.48, 0.57)
(-0.05, -0.48, 0.57)
(-0.05, -0.48, 0.57)
(-0.05, -0.48, 0.57)
(-0.05, -0.48, 0.57)
(-0.05, -0.48, 0.57)
(-0.05, -0.48, 0.57)
(-0.05, -0.48, 0.57)
(-0.05, -0.48, 0.57)
(-0.05, -0.48, 0.57)
(-0.05, -0.48, 0.57)
(-0.05, -0.48, 0.57)
(-0.05, -0.48, 0.57)
(-0.05, -0.48, 0.57)
(-0.05, -0.48, 0.57)
(-0.05, -0.48, 0.57)
(-0.05, -0.48, 0.57)
(-0.05, -0.48, 0.57)
(-0.05, -0.47, 0.57)
(-0.05, -0.47, 0.57)
(-0.05, -0.47, 0.57)
(-0.05, -0.47, 0.57)
(-0.05, -0.47, 0.57)
(-0.05, -0.47, 0.57)
(-0.05, -0.47, 0.56)
(-0.05, -0.47, 0.56)
(-0.05, -0.47, 0.56)
(-0.05, -0.47, 0.56)
(-0.05, -0.47, 0.56)
(-0.05, -0.47, 0.56)
(-0.05, -0.47, 0.56)
(-0.05, -0.47, 0.56)
(-0.05, -0.47, 0.56)
(-0.05, -0.47, 0.56)
(-0.05, -0.47, 0.56)
(-0.05, -0.47, 0.56)
(-0.05, -0.47, 0.56)
(-0.05, -0.47, 0.56)
(-0.05, -0.47, 0.56)
(-0.05, -0.47, 0.56)
(-0.05, -0.47, 0.56)
(-0.05, -0.47, 0.56)
(-0.05, -0.47, 0.56)
(-0.05, -0.47, 0.56)
(-0.05, -0.47, 0.56)
(-0.05, -0.47, 0.56)
(-0.05, -0.47, 0.56)
(-0.05, -0.47, 0.56)
(-0.05, -0.47, 0.56)
(-0.05, -0.46, 0.56)
(-0.05, -0.46, 0.56)
(-0.05, -0.46, 0.56)
(-0.05, -0.46, 0.56)
(-0.05, -0.46, 0.56)
(-0.05, -0.46, 0.56)
(-0.05, -0.46, 0.55)
(-0.05, -0.46, 0.55)
(-0.05, -0.46, 0.55)
(-0.05, -0.46, 0.55)
(-0.05, -0.46, 0.55)
(-0.05, -0.46, 0.55)
(-0.05, -0.46, 0.55)
(-0.05, -0.46, 0.55)
(-0.05, -0.46, 0.55)
(-0.05, -0.46, 0.55)
(-0.05, -0.46, 0.55)
(-0.05, -0.46, 0.55)
(-0.05, -0.46, 0.55)
(-0.06, -0.46, 0.55)
(-0.06, -0.46, 0.55)
(-0.06, -0.46, 0.55)
(-0.06, -0.46, 0.55)
(-0.06, -0.46, 0.55)
(-0.06, -0.46, 0.55)
(-0.06, -0.46, 0.55)
(-0.06, -0.46, 0.55)
(-0.06, -0.46, 0.55)
(-0.06, -0.46, 0.55)
(-0.06, -0.46, 0.55)
(-0.06, -0.46, 0.55)
(-0.06, -0.45, 0.55)
(-0.06, -0.45, 0.55)
(-0.06, -0.45, 0.55)
(-0.06, -0.45, 0.55)
(-0.06, -0.45, 0.55)
(-0.06, -0.45, 0.54)
(-0.06, -0.45, 0.54)
(-0.06, -0.45, 0.54)
(-0.06, -0.45, 0.54)
(-0.06, -0.45, 0.54)
(-0.06, -0.45, 0.54)
(-0.06, -0.45, 0.54)
(-0.06, -0.45, 0.54)
(-0.06, -0.45, 0.54)
(-0.06, -0.45, 0.54)
(-0.06, -0.45, 0.54)
(-0.06, -0.45, 0.54)
(-0.06, -0.45, 0.54)
(-0.06, -0.45, 0.54)
(-0.06, -0.45, 0.54)
(-0.06, -0.45, 0.54)
(-0.06, -0.45, 0.54)
(-0.06, -0.45, 0.54)
(-0.06, -0.45, 0.54)
(-0.06, -0.45, 0.54)
(-0.06, -0.45, 0.54)
(-0.06, -0.45, 0.54)
(-0.06, -0.45, 0.54)
(-0.06, -0.45, 0.54)
(-0.06, -0.45, 0.54)
(-0.06, -0.45, 0.54)
(-0.06, -0.44, 0.54)
(-0.06, -0.44, 0.54)
(-0.06, -0.44, 0.53)
(-0.06, -0.44, 0.53)
(-0.06, -0.44, 0.53)
(-0.06, -0.44, 0.53)
(-0.06, -0.44, 0.53)
(-0.06, -0.44, 0.53)
(-0.06, -0.44, 0.53)
(-0.06, -0.44, 0.53)
(-0.06, -0.44, 0.53)
(-0.06, -0.44, 0.53)
(-0.06, -0.44, 0.53)
(-0.06, -0.44, 0.53)
(-0.06, -0.44, 0.53)
(-0.06, -0.44, 0.53)
(-0.06, -0.44, 0.53)
(-0.06, -0.44, 0.53)
(-0.06, -0.44, 0.53)
(-0.06, -0.44, 0.53)
(-0.06, -0.44, 0.53)
(-0.06, -0.44, 0.53)
(-0.06, -0.44, 0.53)
(-0.06, -0.44, 0.53)
(-0.06, -0.44, 0.53)
(-0.06, -0.44, 0.53)
(-0.06, -0.44, 0.53)
(-0.06, -0.44, 0.53)
(-0.06, -0.44, 0.53)
(-0.06, -0.44, 0.53)
(-0.06, -0.44, 0.52)
(-0.06, -0.43, 0.52)
(-0.07, -0.43, 0.52)
(-0.07, -0.43, 0.52)
(-0.07, -0.43, 0.52)
(-0.07, -0.43, 0.52)
(-0.07, -0.43, 0.52)
(-0.07, -0.43, 0.52)
(-0.07, -0.43, 0.52)
(-0.07, -0.43, 0.52)
(-0.07, -0.43, 0.52)
(-0.07, -0.43, 0.52)
(-0.07, -0.43, 0.52)
(-0.07, -0.43, 0.52)
(-0.07, -0.43, 0.52)
(-0.07, -0.43, 0.52)
(-0.07, -0.43, 0.52)
(-0.07, -0.43, 0.52)
(-0.07, -0.43, 0.52)
(-0.07, -0.43, 0.52)
(-0.07, -0.43, 0.52)
(-0.07, -0.43, 0.52)
(-0.07, -0.43, 0.52)
(-0.07, -0.43, 0.52)
(-0.07, -0.43, 0.52)
(-0.07, -0.43, 0.52)
(-0.07, -0.43, 0.51)
(-0.07, -0.43, 0.51)
(-0.07, -0.43, 0.51)
(-0.07, -0.43, 0.51)
(-0.07, -0.43, 0.51)
(-0.07, -0.43, 0.51)
(-0.07, -0.43, 0.51)
(-0.07, -0.42, 0.51)
(-0.07, -0.42, 0.51)
(-0.07, -0.42, 0.51)
(-0.07, -0.42, 0.51)
(-0.07, -0.42, 0.51)
(-0.07, -0.42, 0.51)
(-0.07, -0.42, 0.51)
(-0.07, -0.42, 0.51)
(-0.07, -0.42, 0.51)
(-0.07, -0.42, 0.51)
(-0.07, -0.42, 0.51)
(-0.07, -0.42, 0.51)
(-0.07, -0.42, 0.51)
(-0.07, -0.42, 0.51)
(-0.07, -0.42, 0.51)
(-0.07, -0.42, 0.51)
(-0.07, -0.42, 0.51)
(-0.07, -0.42, 0.51)
(-0.07, -0.42, 0.51)
(-0.07, -0.42, 0.50)
(-0.07, -0.42, 0.50)
(-0.07, -0.42, 0.50)
(-0.07, -0.42, 0.50)
(-0.07, -0.42, 0.50)
(-0.07, -0.42, 0.50)
(-0.07, -0.42, 0.50)
(-0.07, -0.42, 0.50)
(-0.07, -0.42, 0.50)
(-0.07, -0.42, 0.50)
(-0.07, -0.42, 0.50)
(-0.07, -0.42, 0.50)
(-0.07, -0.41, 0.50)
(-0.07, -0.41, 0.50)
(-0.07, -0.41, 0.50)
(-0.07, -0.41, 0.50)
(-0.07, -0.41, 0.50)
(-0.07, -0.41, 0.50)
(-0.07, -0.41, 0.50)
(-0.07, -0.41, 0.50)
(-0.07, -0.41, 0.50)
(-0.07, -0.41, 0.50)
(-0.07, -0.41, 0.50)
(-0.07, -0.41, 0.50)
(-0.07, -0.41, 0.50)
(-0.07, -0.41, 0.49)
(-0.08, -0.41, 0.49)
(-0.08, -0.41, 0.49)
(-0.08, -0.41, 0.49)
(-0.08, -0.41, 0.49)
(-0.08, -0.41, 0.49)
(-0.08, -0.41, 0.49)
(-0.08, -0.41, 0.49)
(-0.08, -0.41, 0.49)
(-0.08, -0.41, 0.49)
(-0.08, -0.41, 0.49)
(-0.08, -0.41, 0.49)
(-0.08, -0.41, 0.49)
(-0.08, -0.41, 0.49)
(-0.08, -0.41, 0.49)
(-0.08, -0.41, 0.49)
(-0.08, -0.41, 0.49)
(-0.08, -0.41, 0.49)
(-0.08, -0.41, 0.49)
(-0.08, -0.40, 0.49)
(-0.08, -0.40, 0.49)
(-0.08, -0.40, 0.49)
(-0.08, -0.40, 0.49)
(-0.08, -0.40, 0.49)
(-0.08, -0.40, 0.48)
(-0.08, -0.40, 0.48)
(-0.08, -0.40, 0.48)
(-0.08, -0.40, 0.48)
(-0.08, -0.40, 0.48)
(-0.08, -0.40, 0.48)
(-0.08, -0.40, 0.48)
(-0.08, -0.40, 0.48)
(-0.08, -0.40, 0.48)
(-0.08, -0.40, 0.48)
(-0.08, -0.40, 0.48)
(-0.08, -0.40, 0.48)
(-0.08, -0.40, 0.48)
(-0.08, -0.40, 0.48)
(-0.08, -0.40, 0.48)
(-0.08, -0.40, 0.48)
(-0.08, -0.40, 0.48)
(-0.08, -0.40, 0.48)
(-0.08, -0.40, 0.48)
(-0.08, -0.40, 0.48)
(-0.08, -0.40, 0.48)
(-0.08, -0.40, 0.48)
(-0.08, -0.40, 0.48)
(-0.08, -0.40, 0.48)
(-0.08, -0.40, 0.47)
(-0.08, -0.40, 0.47)
(-0.08, -0.40, 0.47)
(-0.08, -0.39, 0.47)
(-0.08, -0.39, 0.47)
(-0.08, -0.39, 0.47)
(-0.08, -0.39, 0.47)
(-0.08, -0.39, 0.47)
(-0.08, -0.39, 0.47)
(-0.08, -0.39, 0.47)
(-0.08, -0.39, 0.47)
(-0.08, -0.39, 0.47)
(-0.08, -0.39, 0.47)
(-0.08, -0.39, 0.47)
(-0.08, -0.39, 0.47)
(-0.08, -0.39, 0.47)
(-0.08, -0.39, 0.47)
(-0.08, -0.39, 0.47)
(-0.08, -0.39, 0.47)
(-0.08, -0.39, 0.47)
(-0.08, -0.39, 0.47)
(-0.08, -0.39, 0.47)
(-0.08, -0.39, 0.47)
(-0.08, -0.39, 0.47)
(-0.08, -0.39, 0.46)
(-0.08, -0.39, 0.46)
(-0.08, -0.39, 0.46)
(-0.08, -0.39, 0.46)
(-0.08, -0.39, 0.46)
(-0.08, -0.39, 0.46)
(-0.09, -0.39, 0.46)
(-0.09, -0.39, 0.46)
(-0.09, -0.39, 0.46)
(-0.09, -0.39, 0.46)
(-0.09, -0.39, 0.46)
(-0.09, -0.38, 0.46)
(-0.09, -0.38, 0.46)
(-0.09, -0.38, 0.46)
(-0.09, -0.38, 0.46)
(-0.09, -0.38, 0.46)
(-0.09, -0.38, 0.46)
(-0.09, -0.38, 0.46)
(-0.09, -0.38, 0.46)
(-0.09, -0.38, 0.46)
(-0.09, -0.38, 0.46)
(-0.09, -0.38, 0.46)
(-0.09, -0.38, 0.46)
(-0.09, -0.38, 0.45)
(-0.09, -0.38, 0.45)
(-0.09, -0.38, 0.45)
(-0.09, -0.38, 0.45)
(-0.09, -0.38, 0.45)
(-0.09, -0.38, 0.45)
(-0.09, -0.38, 0.45)
(-0.09, -0.38, 0.45)
(-0.09, -0.38, 0.45)
(-0.09, -0.38, 0.45)
(-0.09, -0.38, 0.45)
(-0.09, -0.38, 0.45)
(-0.09, -0.38, 0.45)
(-0.09, -0.38, 0.45)
(-0.09, -0.38, 0.45)
(-0.09, -0.38, 0.45)
(-0.09, -0.38, 0.45)
(-0.09, -0.38, 0.45)
(-0.09, -0.38, 0.45)
(-0.09, -0.38, 0.45)
(-0.09, -0.37, 0.45)
(-0.09, -0.37, 0.45)
(-0.09, -0.37, 0.45)
(-0.09, -0.37, 0.44)
(-0.09, -0.37, 0.44)
(-0.09, -0.37, 0.44)
(-0.09, -0.37, 0.44)
(-0.09, -0.37, 0.44)
(-0.09, -0.37, 0.44)
(-0.09, -0.37, 0.44)
(-0.09, -0.37, 0.44)
(-0.09, -0.37, 0.44)
(-0.09, -0.37, 0.44)
(-0.09, -0.37, 0.44)
(-0.09, -0.37, 0.44)
(-0.09, -0.37, 0.44)
(-0.09, -0.37, 0.44)
(-0.09, -0.37, 0.44)
(-0.09, -0.37, 0.44)
(-0.09, -0.37, 0.44)
(-0.09, -0.37, 0.44)
(-0.09, -0.37, 0.44)
(-0.09, -0.37, 0.44)
(-0.09, -0.37, 0.44)
(-0.09, -0.37, 0.44)
(-0.09, -0.37, 0.44)
(-0.09, -0.37, 0.43)
(-0.09, -0.37, 0.43)
(-0.09, -0.37, 0.43)
(-0.09, -0.37, 0.43)
(-0.09, -0.37, 0.43)
(-0.09, -0.37, 0.43)
(-0.09, -0.37, 0.43)
(-0.09, -0.36, 0.43)
(-0.09, -0.36, 0.43)
(-0.09, -0.36, 0.43)
(-0.09, -0.36, 0.43)
(-0.09, -0.36, 0.43)
(-0.09, -0.36, 0.43)
(-0.09, -0.36, 0.43)
(-0.09, -0.36, 0.43)
(-0.10, -0.36, 0.43)
(-0.10, -0.36, 0.43)
(-0.10, -0.36, 0.43)
(-0.10, -0.36, 0.43)
(-0.10, -0.36, 0.43)
(-0.10, -0.36, 0.43)
(-0.10, -0.36, 0.43)
(-0.10, -0.36, 0.43)
(-0.10, -0.36, 0.42)
(-0.10, -0.36, 0.42)
(-0.10, -0.36, 0.42)
(-0.10, -0.36, 0.42)
(-0.10, -0.36, 0.42)
(-0.10, -0.36, 0.42)
(-0.10, -0.36, 0.42)
(-0.10, -0.36, 0.42)
(-0.10, -0.36, 0.42)
(-0.10, -0.36, 0.42)
(-0.10, -0.36, 0.42)
(-0.10, -0.36, 0.42)
(-0.10, -0.36, 0.42)
(-0.10, -0.36, 0.42)
(-0.10, -0.36, 0.42)
(-0.10, -0.36, 0.42)
(-0.10, -0.36, 0.42)
(-0.10, -0.35, 0.42)
(-0.10, -0.35, 0.42)
(-0.10, -0.35, 0.42)
(-0.10, -0.35, 0.42)
(-0.10, -0.35, 0.42)
(-0.10, -0.35, 0.41)
(-0.10, -0.35, 0.41)
(-0.10, -0.35, 0.41)
(-0.10, -0.35, 0.41)
(-0.10, -0.35, 0.41)
(-0.10, -0.35, 0.41)
(-0.10, -0.35, 0.41)
(-0.10, -0.35, 0.41)
(-0.10, -0.35, 0.41)
(-0.10, -0.35, 0.41)
(-0.10, -0.35, 0.41)
(-0.10, -0.35, 0.41)
(-0.10, -0.35, 0.41)
(-0.10, -0.35, 0.41)
(-0.10, -0.35, 0.41)
(-0.10, -0.35, 0.41)
(-0.10, -0.35, 0.41)
(-0.10, -0.35, 0.41)
(-0.10, -0.35, 0.41)
(-0.10, -0.35, 0.41)
(-0.10, -0.35, 0.41)
(-0.10, -0.35, 0.41)
(-0.10, -0.35, 0.40)
(-0.10, -0.35, 0.40)
(-0.10, -0.35, 0.40)
(-0.10, -0.35, 0.40)
(-0.10, -0.35, 0.40)
(-0.10, -0.35, 0.40)
(-0.10, -0.34, 0.40)
(-0.10, -0.34, 0.40)
(-0.10, -0.34, 0.40)
(-0.10, -0.34, 0.40)
(-0.10, -0.34, 0.40)
(-0.10, -0.34, 0.40)
(-0.10, -0.34, 0.40)
(-0.10, -0.34, 0.40)
(-0.10, -0.34, 0.40)
(-0.10, -0.34, 0.40)
(-0.10, -0.34, 0.40)
(-0.10, -0.34, 0.40)
(-0.10, -0.34, 0.40)
(-0.10, -0.34, 0.40)
(-0.10, -0.34, 0.40)
(-0.10, -0.34, 0.40)
(-0.10, -0.34, 0.39)
(-0.10, -0.34, 0.39)
(-0.10, -0.34, 0.39)
(-0.10, -0.34, 0.39)
(-0.11, -0.34, 0.39)
(-0.11, -0.34, 0.39)
(-0.11, -0.34, 0.39)
(-0.11, -0.34, 0.39)
(-0.11, -0.34, 0.39)
(-0.11, -0.34, 0.39)
(-0.11, -0.34, 0.39)
(-0.11, -0.34, 0.39)
(-0.11, -0.34, 0.39)
(-0.11, -0.34, 0.39)
(-0.11, -0.34, 0.39)
(-0.11, -0.34, 0.39)
(-0.11, -0.34, 0.39)
(-0.11, -0.34, 0.39)
(-0.11, -0.33, 0.39)
(-0.11, -0.33, 0.39)
(-0.11, -0.33, 0.39)
(-0.11, -0.33, 0.39)
(-0.11, -0.33, 0.38)
(-0.11, -0.33, 0.38)
(-0.11, -0.33, 0.38)
(-0.11, -0.33, 0.38)
(-0.11, -0.33, 0.38)
(-0.11, -0.33, 0.38)
(-0.11, -0.33, 0.38)
(-0.11, -0.33, 0.38)
(-0.11, -0.33, 0.38)
(-0.11, -0.33, 0.38)
(-0.11, -0.33, 0.38)
(-0.11, -0.33, 0.38)
(-0.11, -0.33, 0.38)
(-0.11, -0.33, 0.38)
(-0.11, -0.33, 0.38)
(-0.11, -0.33, 0.38)
(-0.11, -0.33, 0.38)
(-0.11, -0.33, 0.38)
(-0.11, -0.33, 0.38)
(-0.11, -0.33, 0.38)
(-0.11, -0.33, 0.38)
(-0.11, -0.33, 0.38)
(-0.11, -0.33, 0.37)
(-0.11, -0.33, 0.37)
(-0.11, -0.33, 0.37)
(-0.11, -0.33, 0.37)
(-0.11, -0.33, 0.37)
(-0.11, -0.33, 0.37)
(-0.11, -0.33, 0.37)
(-0.11, -0.33, 0.37)
(-0.11, -0.32, 0.37)
(-0.11, -0.32, 0.37)
(-0.11, -0.32, 0.37)
(-0.11, -0.32, 0.37)
(-0.11, -0.32, 0.37)
(-0.11, -0.32, 0.37)
(-0.11, -0.32, 0.37)
(-0.11, -0.32, 0.37)
(-0.11, -0.32, 0.37)
(-0.11, -0.32, 0.37)
(-0.11, -0.32, 0.37)
(-0.11, -0.32, 0.37)
(-0.11, -0.32, 0.37)
(-0.11, -0.32, 0.37)
(-0.11, -0.32, 0.36)
(-0.11, -0.32, 0.36)
(-0.11, -0.32, 0.36)
(-0.11, -0.32, 0.36)
(-0.11, -0.32, 0.36)
(-0.11, -0.32, 0.36)
(-0.11, -0.32, 0.36)
(-0.11, -0.32, 0.36)
(-0.11, -0.32, 0.36)
(-0.11, -0.32, 0.36)
(-0.11, -0.32, 0.36)
(-0.11, -0.32, 0.36)
(-0.11, -0.32, 0.36)
(-0.11, -0.32, 0.36)
(-0.11, -0.32, 0.36)
(-0.11, -0.32, 0.36)
(-0.11, -0.32, 0.36)
(-0.11, -0.32, 0.36)
(-0.12, -0.32, 0.36)
(-0.12, -0.32, 0.36)
(-0.12, -0.32, 0.36)
(-0.12, -0.31, 0.35)
(-0.12, -0.31, 0.35)
(-0.12, -0.31, 0.35)
(-0.12, -0.31, 0.35)
(-0.12, -0.31, 0.35)
(-0.12, -0.31, 0.35)
(-0.12, -0.31, 0.35)
(-0.12, -0.31, 0.35)
(-0.12, -0.31, 0.35)
(-0.12, -0.31, 0.35)
(-0.12, -0.31, 0.35)
(-0.12, -0.31, 0.35)
(-0.12, -0.31, 0.35)
(-0.12, -0.31, 0.35)
(-0.12, -0.31, 0.35)
(-0.12, -0.31, 0.35)
(-0.12, -0.31, 0.35)
(-0.12, -0.31, 0.35)
(-0.12, -0.31, 0.35)
(-0.12, -0.31, 0.35)
(-0.12, -0.31, 0.35)
(-0.12, -0.31, 0.35)
(-0.12, -0.31, 0.34)
(-0.12, -0.31, 0.34)
(-0.12, -0.31, 0.34)
(-0.12, -0.31, 0.34)
(-0.12, -0.31, 0.34)
(-0.12, -0.31, 0.34)
(-0.12, -0.31, 0.34)
(-0.12, -0.31, 0.34)
(-0.12, -0.31, 0.34)
(-0.12, -0.31, 0.34)
(-0.12, -0.31, 0.34)
(-0.12, -0.31, 0.34)
(-0.12, -0.31, 0.34)
(-0.12, -0.30, 0.34)
(-0.12, -0.30, 0.34)
(-0.12, -0.30, 0.34)
(-0.12, -0.30, 0.34)
(-0.12, -0.30, 0.34)
(-0.12, -0.30, 0.34)
(-0.12, -0.30, 0.34)
(-0.12, -0.30, 0.34)
(-0.12, -0.30, 0.34)
(-0.12, -0.30, 0.33)
(-0.12, -0.30, 0.33)
(-0.12, -0.30, 0.33)
(-0.12, -0.30, 0.33)
(-0.12, -0.30, 0.33)
(-0.12, -0.30, 0.33)
(-0.12, -0.30, 0.33)
(-0.12, -0.30, 0.33)
(-0.12, -0.30, 0.33)
(-0.12, -0.30, 0.33)
(-0.12, -0.30, 0.33)
(-0.12, -0.30, 0.33)
(-0.12, -0.30, 0.33)
(-0.12, -0.30, 0.33)
(-0.12, -0.30, 0.33)
(-0.12, -0.30, 0.33)
(-0.12, -0.30, 0.33)
(-0.12, -0.30, 0.33)
(-0.12, -0.30, 0.33)
(-0.12, -0.30, 0.33)
(-0.12, -0.30, 0.33)
(-0.12, -0.30, 0.33)
(-0.12, -0.30, 0.32)
(-0.12, -0.30, 0.32)
(-0.12, -0.30, 0.32)
(-0.12, -0.30, 0.32)
(-0.12, -0.30, 0.32)
(-0.12, -0.29, 0.32)
(-0.12, -0.29, 0.32)
(-0.12, -0.29, 0.32)
(-0.12, -0.29, 0.32)
(-0.12, -0.29, 0.32)
(-0.12, -0.29, 0.32)
(-0.13, -0.29, 0.32)
(-0.13, -0.29, 0.32)
(-0.13, -0.29, 0.32)
(-0.13, -0.29, 0.32)
(-0.13, -0.29, 0.32)
(-0.13, -0.29, 0.32)
(-0.13, -0.29, 0.32)
(-0.13, -0.29, 0.32)
(-0.13, -0.29, 0.32)
(-0.13, -0.29, 0.32)
(-0.13, -0.29, 0.32)
(-0.13, -0.29, 0.31)
(-0.13, -0.29, 0.31)
(-0.13, -0.29, 0.31)
(-0.13, -0.29, 0.31)
(-0.13, -0.29, 0.31)
(-0.13, -0.29, 0.31)
(-0.13, -0.29, 0.31)
(-0.13, -0.29, 0.31)
(-0.13, -0.29, 0.31)
(-0.13, -0.29, 0.31)
(-0.13, -0.29, 0.31)
(-0.13, -0.29, 0.31)
(-0.13, -0.29, 0.31)
(-0.13, -0.29, 0.31)
(-0.13, -0.29, 0.31)
(-0.13, -0.29, 0.31)
(-0.13, -0.29, 0.31)
(-0.13, -0.29, 0.31)
(-0.13, -0.29, 0.31)
(-0.13, -0.29, 0.31)
(-0.13, -0.28, 0.31)
(-0.13, -0.28, 0.31)
(-0.13, -0.28, 0.30)
(-0.13, -0.28, 0.30)
(-0.13, -0.28, 0.30)
(-0.13, -0.28, 0.30)
(-0.13, -0.28, 0.30)
(-0.13, -0.28, 0.30)
(-0.13, -0.28, 0.30)
(-0.13, -0.28, 0.30)
(-0.13, -0.28, 0.30)
(-0.13, -0.28, 0.30)
(-0.13, -0.28, 0.30)
(-0.13, -0.28, 0.30)
(-0.13, -0.28, 0.30)
(-0.13, -0.28, 0.30)
(-0.13, -0.28, 0.30)
(-0.13, -0.28, 0.30)
(-0.13, -0.28, 0.30)
(-0.13, -0.28, 0.30)
(-0.13, -0.28, 0.30)
(-0.13, -0.28, 0.30)
(-0.13, -0.28, 0.30)
(-0.13, -0.28, 0.30)
(-0.13, -0.28, 0.29)
(-0.13, -0.28, 0.29)
(-0.13, -0.28, 0.29)
(-0.13, -0.28, 0.29)
(-0.13, -0.28, 0.29)
(-0.13, -0.28, 0.29)
(-0.13, -0.28, 0.29)
(-0.13, -0.28, 0.29)
(-0.13, -0.28, 0.29)
(-0.13, -0.28, 0.29)
(-0.13, -0.28, 0.29)
(-0.13, -0.28, 0.29)
(-0.13, -0.27, 0.29)
(-0.13, -0.27, 0.29)
(-0.13, -0.27, 0.29)
(-0.13, -0.27, 0.29)
(-0.13, -0.27, 0.29)
(-0.13, -0.27, 0.29)
(-0.13, -0.27, 0.29)
(-0.13, -0.27, 0.29)
(-0.13, -0.27, 0.29)
(-0.13, -0.27, 0.29)
(-0.13, -0.27, 0.28)
(-0.13, -0.27, 0.28)
(-0.13, -0.27, 0.28)
(-0.13, -0.27, 0.28)
(-0.14, -0.27, 0.28)
(-0.14, -0.27, 0.28)
(-0.14, -0.27, 0.28)
(-0.14, -0.27, 0.28)
(-0.14, -0.27, 0.28)
(-0.14, -0.27, 0.28)
(-0.14, -0.27, 0.28)
(-0.14, -0.27, 0.28)
(-0.14, -0.27, 0.28)
(-0.14, -0.27, 0.28)
(-0.14, -0.27, 0.28)
(-0.14, -0.27, 0.28)
(-0.14, -0.27, 0.28)
(-0.14, -0.27, 0.28)
(-0.14, -0.27, 0.28)
(-0.14, -0.27, 0.28)
(-0.14, -0.27, 0.28)
(-0.14, -0.27, 0.28)
(-0.14, -0.27, 0.27)
(-0.14, -0.27, 0.27)
(-0.14, -0.27, 0.27)
(-0.14, -0.27, 0.27)
(-0.14, -0.27, 0.27)
(-0.14, -0.27, 0.27)
(-0.14, -0.26, 0.27)
(-0.14, -0.26, 0.27)
(-0.14, -0.26, 0.27)
(-0.14, -0.26, 0.27)
(-0.14, -0.26, 0.27)
(-0.14, -0.26, 0.27)
(-0.14, -0.26, 0.27)
(-0.14, -0.26, 0.27)
(-0.14, -0.26, 0.27)
(-0.14, -0.26, 0.27)
(-0.14, -0.26, 0.27)
(-0.14, -0.26, 0.27)
(-0.14, -0.26, 0.27)
(-0.14, -0.26, 0.27)
(-0.14, -0.26, 0.27)
(-0.14, -0.26, 0.27)
(-0.14, -0.26, 0.27)
(-0.14, -0.26, 0.26)
(-0.14, -0.26, 0.26)
(-0.14, -0.26, 0.26)
(-0.14, -0.26, 0.26)
(-0.14, -0.26, 0.26)
(-0.14, -0.26, 0.26)
(-0.14, -0.26, 0.26)
(-0.14, -0.26, 0.26)
(-0.14, -0.26, 0.26)
(-0.14, -0.26, 0.26)
(-0.14, -0.26, 0.26)
(-0.14, -0.26, 0.26)
(-0.14, -0.26, 0.26)
(-0.14, -0.26, 0.26)
(-0.14, -0.26, 0.26)
(-0.14, -0.26, 0.26)
(-0.14, -0.26, 0.26)
(-0.14, -0.26, 0.26)
(-0.14, -0.26, 0.26)
(-0.14, -0.26, 0.26)
(-0.14, -0.26, 0.26)
(-0.14, -0.25, 0.26)
(-0.14, -0.25, 0.25)
(-0.14, -0.25, 0.25)
(-0.14, -0.25, 0.25)
(-0.14, -0.25, 0.25)
(-0.14, -0.25, 0.25)
(-0.14, -0.25, 0.25)
(-0.14, -0.25, 0.25)
(-0.14, -0.25, 0.25)
(-0.14, -0.25, 0.25)
(-0.14, -0.25, 0.25)
(-0.14, -0.25, 0.25)
(-0.14, -0.25, 0.25)
(-0.14, -0.25, 0.25)
(-0.14, -0.25, 0.25)
(-0.14, -0.25, 0.25)
(-0.14, -0.25, 0.25)
(-0.14, -0.25, 0.25)
(-0.14, -0.25, 0.25)
(-0.14, -0.25, 0.25)
(-0.15, -0.25, 0.25)
(-0.15, -0.25, 0.25)
(-0.15, -0.25, 0.25)
(-0.15, -0.25, 0.25)
(-0.15, -0.25, 0.24)
(-0.15, -0.25, 0.24)
(-0.15, -0.25, 0.24)
(-0.15, -0.25, 0.24)
(-0.15, -0.25, 0.24)
(-0.15, -0.25, 0.24)
(-0.15, -0.25, 0.24)
(-0.15, -0.25, 0.24)
(-0.15, -0.25, 0.24)
(-0.15, -0.25, 0.24)
(-0.15, -0.25, 0.24)
(-0.15, -0.25, 0.24)
(-0.15, -0.25, 0.24)
(-0.15, -0.25, 0.24)
(-0.15, -0.25, 0.24)
(-0.15, -0.24, 0.24)
(-0.15, -0.24, 0.24)
(-0.15, -0.24, 0.24)
(-0.15, -0.24, 0.24)
(-0.15, -0.24, 0.24)
(-0.15, -0.24, 0.24)
(-0.15, -0.24, 0.24)
(-0.15, -0.24, 0.24)
(-0.15, -0.24, 0.23)
(-0.15, -0.24, 0.23)
(-0.15, -0.24, 0.23)
(-0.15, -0.24, 0.23)
(-0.15, -0.24, 0.23)
(-0.15, -0.24, 0.23)
(-0.15, -0.24, 0.23)
(-0.15, -0.24, 0.23)
(-0.15, -0.24, 0.23)
(-0.15, -0.24, 0.23)
(-0.15, -0.24, 0.23)
(-0.15, -0.24, 0.23)
(-0.15, -0.24, 0.23)
(-0.15, -0.24, 0.23)
(-0.15, -0.24, 0.23)
(-0.15, -0.24, 0.23)
(-0.15, -0.24, 0.23)
(-0.15, -0.24, 0.23)
(-0.15, -0.24, 0.23)
(-0.15, -0.24, 0.23)
(-0.15, -0.24, 0.23)
(-0.15, -0.24, 0.23)
(-0.15, -0.24, 0.23)
(-0.15, -0.24, 0.22)
(-0.15, -0.24, 0.22)
(-0.15, -0.24, 0.22)
(-0.15, -0.24, 0.22)
(-0.15, -0.24, 0.22)
(-0.15, -0.24, 0.22)
(-0.15, -0.24, 0.22)
(-0.15, -0.24, 0.22)
(-0.15, -0.23, 0.22)
(-0.15, -0.23, 0.22)
(-0.15, -0.23, 0.22)
(-0.15, -0.23, 0.22)
(-0.15, -0.23, 0.22)
(-0.15, -0.23, 0.22)
(-0.15, -0.23, 0.22)
(-0.15, -0.23, 0.22)
(-0.15, -0.23, 0.22)
(-0.15, -0.23, 0.22)
(-0.15, -0.23, 0.22)
(-0.15, -0.23, 0.22)
(-0.15, -0.23, 0.22)
(-0.15, -0.23, 0.22)
(-0.15, -0.23, 0.22)
(-0.15, -0.23, 0.22)
(-0.15, -0.23, 0.21)
(-0.15, -0.23, 0.21)
(-0.15, -0.23, 0.21)
(-0.15, -0.23, 0.21)
(-0.15, -0.23, 0.21)
(-0.15, -0.23, 0.21)
(-0.15, -0.23, 0.21)
(-0.15, -0.23, 0.21)
(-0.16, -0.23, 0.21)
(-0.16, -0.23, 0.21)
(-0.16, -0.23, 0.21)
(-0.16, -0.23, 0.21)
(-0.16, -0.23, 0.21)
(-0.16, -0.23, 0.21)
(-0.16, -0.23, 0.21)
(-0.16, -0.23, 0.21)
(-0.16, -0.23, 0.21)
(-0.16, -0.23, 0.21)
(-0.16, -0.23, 0.21)
(-0.16, -0.23, 0.21)
(-0.16, -0.23, 0.21)
(-0.16, -0.23, 0.21)
(-0.16, -0.23, 0.21)
(-0.16, -0.23, 0.20)
(-0.16, -0.22, 0.20)
(-0.16, -0.22, 0.20)
(-0.16, -0.22, 0.20)
(-0.16, -0.22, 0.20)
(-0.16, -0.22, 0.20)
(-0.16, -0.22, 0.20)
(-0.16, -0.22, 0.20)
(-0.16, -0.22, 0.20)
(-0.16, -0.22, 0.20)
(-0.16, -0.22, 0.20)
(-0.16, -0.22, 0.20)
(-0.16, -0.22, 0.20)
(-0.16, -0.22, 0.20)
(-0.16, -0.22, 0.20)
(-0.16, -0.22, 0.20)
(-0.16, -0.22, 0.20)
(-0.16, -0.22, 0.20)
(-0.16, -0.22, 0.20)
(-0.16, -0.22, 0.20)
(-0.16, -0.22, 0.20)
(-0.16, -0.22, 0.20)
(-0.16, -0.22, 0.20)
(-0.16, -0.22, 0.20)
(-0.16, -0.22, 0.19)
(-0.16, -0.22, 0.19)
(-0.16, -0.22, 0.19)
(-0.16, -0.22, 0.19)
(-0.16, -0.22, 0.19)
(-0.16, -0.22, 0.19)
(-0.16, -0.22, 0.19)
(-0.16, -0.22, 0.19)
(-0.16, -0.22, 0.19)
(-0.16, -0.22, 0.19)
(-0.16, -0.22, 0.19)
(-0.16, -0.22, 0.19)
(-0.16, -0.22, 0.19)
(-0.16, -0.22, 0.19)
(-0.16, -0.22, 0.19)
(-0.16, -0.22, 0.19)
(-0.16, -0.22, 0.19)
(-0.16, -0.22, 0.19)
(-0.16, -0.21, 0.19)
(-0.16, -0.21, 0.19)
(-0.16, -0.21, 0.19)
(-0.16, -0.21, 0.19)
(-0.16, -0.21, 0.19)
(-0.16, -0.21, 0.19)
(-0.16, -0.21, 0.18)
(-0.16, -0.21, 0.18)
(-0.16, -0.21, 0.18)
(-0.16, -0.21, 0.18)
(-0.16, -0.21, 0.18)
(-0.16, -0.21, 0.18)
(-0.16, -0.21, 0.18)
(-0.16, -0.21, 0.18)
(-0.16, -0.21, 0.18)
(-0.16, -0.21, 0.18)
(-0.16, -0.21, 0.18)
(-0.16, -0.21, 0.18)
(-0.16, -0.21, 0.18)
(-0.16, -0.21, 0.18)
(-0.16, -0.21, 0.18)
(-0.16, -0.21, 0.18)
(-0.16, -0.21, 0.18)
(-0.16, -0.21, 0.18)
(-0.16, -0.21, 0.18)
(-0.16, -0.21, 0.18)
(-0.17, -0.21, 0.18)
(-0.17, -0.21, 0.18)
(-0.17, -0.21, 0.18)
(-0.17, -0.21, 0.18)
(-0.17, -0.21, 0.17)
(-0.17, -0.21, 0.17)
(-0.17, -0.21, 0.17)
(-0.17, -0.21, 0.17)
(-0.17, -0.21, 0.17)
(-0.17, -0.21, 0.17)
(-0.17, -0.21, 0.17)
(-0.17, -0.21, 0.17)
(-0.17, -0.21, 0.17)
(-0.17, -0.21, 0.17)
(-0.17, -0.21, 0.17)
(-0.17, -0.20, 0.17)
(-0.17, -0.20, 0.17)
(-0.17, -0.20, 0.17)
(-0.17, -0.20, 0.17)
(-0.17, -0.20, 0.17)
(-0.17, -0.20, 0.17)
(-0.17, -0.20, 0.17)
(-0.17, -0.20, 0.17)
(-0.17, -0.20, 0.17)
(-0.17, -0.20, 0.17)
(-0.17, -0.20, 0.17)
(-0.17, -0.20, 0.17)
(-0.17, -0.20, 0.17)
(-0.17, -0.20, 0.16)
(-0.17, -0.20, 0.16)
(-0.17, -0.20, 0.16)
(-0.17, -0.20, 0.16)
(-0.17, -0.20, 0.16)
(-0.17, -0.20, 0.16)
(-0.17, -0.20, 0.16)
(-0.17, -0.20, 0.16)
(-0.17, -0.20, 0.16)
(-0.17, -0.20, 0.16)
(-0.17, -0.20, 0.16)
(-0.17, -0.20, 0.16)
(-0.17, -0.20, 0.16)
(-0.17, -0.20, 0.16)
(-0.17, -0.20, 0.16)
(-0.17, -0.20, 0.16)
(-0.17, -0.20, 0.16)
(-0.17, -0.20, 0.16)
(-0.17, -0.20, 0.16)
(-0.17, -0.20, 0.16)
(-0.17, -0.20, 0.16)
(-0.17, -0.20, 0.16)
(-0.17, -0.20, 0.16)
(-0.17, -0.20, 0.16)
(-0.17, -0.20, 0.16)
(-0.17, -0.20, 0.15)
(-0.17, -0.20, 0.15)
(-0.17, -0.20, 0.15)
(-0.17, -0.19, 0.15)
(-0.17, -0.19, 0.15)
(-0.17, -0.19, 0.15)
(-0.17, -0.19, 0.15)
(-0.17, -0.19, 0.15)
(-0.17, -0.19, 0.15)
(-0.17, -0.19, 0.15)
(-0.17, -0.19, 0.15)
(-0.17, -0.19, 0.15)
(-0.17, -0.19, 0.15)
(-0.17, -0.19, 0.15)
(-0.17, -0.19, 0.15)
(-0.17, -0.19, 0.15)
(-0.17, -0.19, 0.15)
(-0.17, -0.19, 0.15)
(-0.17, -0.19, 0.15)
(-0.17, -0.19, 0.15)
(-0.17, -0.19, 0.15)
(-0.17, -0.19, 0.15)
(-0.17, -0.19, 0.15)
(-0.17, -0.19, 0.15)
(-0.17, -0.19, 0.14)
(-0.17, -0.19, 0.14)
(-0.17, -0.19, 0.14)
(-0.17, -0.19, 0.14)
(-0.17, -0.19, 0.14)
(-0.17, -0.19, 0.14)
(-0.18, -0.19, 0.14)
(-0.18, -0.19, 0.14)
(-0.18, -0.19, 0.14)
(-0.18, -0.19, 0.14)
(-0.18, -0.19, 0.14)
(-0.18, -0.19, 0.14)
(-0.18, -0.19, 0.14)
(-0.18, -0.19, 0.14)
(-0.18, -0.19, 0.14)
(-0.18, -0.19, 0.14)
(-0.18, -0.19, 0.14)
(-0.18, -0.19, 0.14)
(-0.18, -0.19, 0.14)
(-0.18, -0.19, 0.14)
(-0.18, -0.19, 0.14)
(-0.18, -0.18, 0.14)
(-0.18, -0.18, 0.14)
(-0.18, -0.18, 0.14)
(-0.18, -0.18, 0.14)
(-0.18, -0.18, 0.13)
(-0.18, -0.18, 0.13)
(-0.18, -0.18, 0.13)
(-0.18, -0.18, 0.13)
(-0.18, -0.18, 0.13)
(-0.18, -0.18, 0.13)
(-0.18, -0.18, 0.13)
(-0.18, -0.18, 0.13)
(-0.18, -0.18, 0.13)
(-0.18, -0.18, 0.13)
(-0.18, -0.18, 0.13)
(-0.18, -0.18, 0.13)
(-0.18, -0.18, 0.13)
(-0.18, -0.18, 0.13)
(-0.18, -0.18, 0.13)
(-0.18, -0.18, 0.13)
(-0.18, -0.18, 0.13)
(-0.18, -0.18, 0.13)
